id,faa_designator,manufacturer,model,model_bada,physical_class_engine,num_engines,faa_aac,faa_aac_minimum,faa_aac_maximum,faa_adg,faa_tdg,approach_speed_knot,approach_speed_minimum_knot,approach_speed_maximum_knot,wingspan_m_without_winglets_sharklets,wingspan_m_with_winglets_sharklets,length_m,tail_height_at_oew_m,wheelbase_m,cockpit_to_main_gear_m,outer_main_gear_wheel_span_m,mtow_kg,malw_kg,main_gear_config,icao_wtc,parking_area_m2,class,faa_weight,cwt,one_half_wake_category,two_wake_category_appx_a,two_wake_category_appx_b,rotor_diameter_m,srs,lahso,faa_registry,registration_count,tmfs_operations_fy24,remarks,lastupdate,source_row
A10,A10,FAIRCHILD,Fairchild A10,Fairchild A-10A,Jet,2,C,,,II,2A,140,,,17.52600,,16.24584,4.48056,5.45592,5.45592,5.57784,22700.00021955358,,S,Medium,365.601333312,Fixed-wing,Large,G,E,D,D,,III,,Yes,281,12844,,,2
A124,A124,ANTONOV,Antonov AN-124 Ruslan,Antonov AN-124-100,Jet,4,D,,,VI,5,151,,,73.30440,,68.94576,20.78736,24.04872,28.0416,10.0584,404999.47299427,329999.78898425,5D,Heavy,5380.535303424,Fixed-wing,Heavy,D,B,G,G,,III,,Yes,55,506,,,3
A19N,A19N,AIRBUS,Airbus A319 Neo,Airbus A319 Neo,Jet,2,C,,,III,3,130,,,,35.81400,33.8328,12.10056,11.03376,13.68552,8.96112,75499.99639413,62500.03906993,D,Medium,1374.03596160,Fixed-wing,Large,F,D,D,C,,III,7,No,0,166,AAC validated by Flight Standardization Board (FSB) report.,,4
A20N,A20N,AIRBUS,Airbus A320 Neo,Airbus A320-271N,Jet,2,C,,,III,3,137,,,,35.81400,37.58184,12.07008,12.64920,15.30096,8.96112,78999.91512105,67399.74385067,D,Medium,1519.735799232,Fixed-wing,Large,F,D,D,C,,III,7,Yes,147,540276,AAC validated by Flight Standardization Board (FSB) report.,,5
A21N,A21N,AIRBUS,Airbus A321 Neo,Airbus A321-251N,Jet,2,C,,,III,3,136,,,,35.81400,44.5008,12.10056,16.91640,19.56816,8.96112,94999.93238043,79199.94935622,D,Medium,1788.66222912,Fixed-wing,Large,F,D,D,C,,III,7,Yes,106,307984,AAC validated by Flight Standardization Board (FSB) report.,,6
A306,A306,AIRBUS,Airbus A300 B4-600,Airbus A300B4-622,Jet,2,C,,,IV,5,137,,,44.83608,,54.07152,16.67256,18.5928,22.8600,10.9728,164998.76051120,137996.40672510,2D,Heavy,2663.223576768,Fixed-wing,Heavy,C,C,C,B,,III,7,Yes,29,138268,AAC validated by Flight Standardization Board (FSB) report.,,7
A30B,A30B,AIRBUS,Airbus A300-B2,Airbus A300B4-203,Jet,2,C,,,IV,5,137,,,44.83608,,53.49240,16.73352,18.53184,22.8600,11.00328,164998.76051120,136000.14670473,2D,Heavy,2634.070602816,Fixed-wing,Heavy,C,C,C,B,,III,8,Yes,3,12,AAC validated by Flight Standardization Board (FSB) report.,,8
A310,A310,AIRBUS,Airbus A310,Airbus A310-204,Jet,2,C,,,IV,5,139,,,43.8912,,46.69536,15.94104,15.20952,19.47672,10.9728,143999.70174205,123999.45337164,2D,Heavy,2263.21095744,Fixed-wing,Heavy,C,C,C,B,,III,7,Yes,26,358,AAC validated by Flight Standardization Board (FSB) report.,,9
A318,A318,AIRBUS,Airbus A318,Airbus A318-112,Jet,2,C,,,III,3,121,,,34.10712,,31.45536,12.89304,10.24128,12.92352,8.96112,67999.84655618,57500.09037542,D,Medium,1224.92658240,Fixed-wing,Large,F,D,D,C,,III,7,Yes,7,48,AAC validated by Flight Standardization Board (FSB) report.,,10
A319,A319,AIRBUS,Airbus A319,Airbus A319-131,Jet,2,C,,,III,3,126,,,34.10712,35.81400,33.8328,12.10056,11.03376,13.68552,8.96112,76499.71397761,61000.00910234,D,Medium,1313.695437120,Fixed-wing,Large,F,D,D,C,,III,7,Yes,413,915976,AAC validated by Flight Standardization Board (FSB) report.,,11
A320,A320,AIRBUS,Airbus A320,Airbus A320-231,Jet,2,C,,,III,3,136,,,34.10712,35.81400,37.58184,12.07008,12.64920,15.30096,8.96112,78000.19753757,65999.95779685,D,Medium,1519.373477376,Fixed-wing,Large,F,D,D,C,,III,7,Yes,698,1397404,AAC validated by Flight Standardization Board (FSB) report.,,12
A321,A321,AIRBUS,Airbus A321,Airbus A321-111,Jet,2,D,C,D,III,3,142,140,142,34.10712,35.81400,44.5008,12.10056,16.91640,19.56816,8.96112,91000.15486177,77800.16330240,D,Medium,1788.968809152,Fixed-wing,Large,F,D,D,C,,III,7,Yes,491,1364686,"The final approach speed is 140 knot at a MALW of 166,449 lb and classifies the aircraft into the AAC C while approach speed is 142 knot at a MALW of 171,520 lb and classifies into the AAC D.  AAC validated by Flight Standardization Board (FSB) report.",,13
A332,A332,AIRBUS,Airbus A330-200,Airbus A330-243,Jet,2,C,,,V,5,136,,,60.28944,,59.00928,18.22704,22.18944,26.45664,12.61872,242000.14765003,181999.85613117,2D,Heavy,3833.996977152,Fixed-wing,Heavy,B,B,B,A,,III,8,Yes,77,85798,AAC validated by Flight Standardization Board (FSB) report.,,14
A333,A333,AIRBUS,Airbus A330-300,Airbus A330-301,Jet,2,C,,,V,5,137,,,60.28944,,63.7032,13.92936,25.38984,29.65704,12.61872,242000.14765003,186999.80482568,2D,Heavy,4131.723349440,Fixed-wing,Heavy,B,B,B,A,,III,8,Yes,43,112148,AAC validated by Flight Standardization Board (FSB) report.,,15
A337,A337,AIRBUS,Airbus A330-700 - Beluga XL,Airbus A330-700 Beluga XL,Jet,2,C,,,V,5,137,,,60.28944,,63.0936,18.8976,25.38984,29.62656,12.61872,226999.84797413,186997.99045620,2D,Heavy,4092.713362944,Fixed-wing,Heavy,D,B,B,B,,III,,No,0,0,,,16
A338,A338,AIRBUS,Airbus A330-800,Airbus A330-800,Jet,2,C,,,V,5,140,,,64.0080,,58.8264,17.40408,21.42744,25.51176,12.61872,247000.09634454,186000.08724220,2D,Heavy,4046.85642240,Fixed-wing,Heavy,D,B,B,B,,III,,No,0,568,,,17
A339,A339,AIRBUS,Airbus A330-900,Airbus A330-941,Jet,2,C,,,V,5,140,,,64.0080,,63.67272,16.79448,24.32304,28.68168,12.61872,251018.01755800,190998.67515960,2D,Heavy,4371.83125632,Fixed-wing,Heavy,D,B,G,G,,III,9,Yes,11,40508,AAC validated by Flight Standardization Board (FSB) report.,,18
A342,A342,AIRBUS,Airbus A340-200,Airbus A340-213,Jet,4,D,,,V,5,145,,,60.28944,,59.4360,17.03832,23.25624,27.52344,12.61872,274999.89975227,181000.13854769,2D/D1,Heavy,3860.641569024,Fixed-wing,Heavy,D,B,G,G,,III,9,No,0,22,,,19
A343,A343,AIRBUS,Airbus A340-300,Airbus A340-313,Jet,4,D,,,V,5,145,,,60.28944,,63.7032,16.97736,25.38984,29.65704,12.61872,276499.92971986,192000.20711256,2D/D1,Heavy,4131.147350592,Fixed-wing,Heavy,B,B,B,A,,III,9,Yes,1,7960,,,20
A345,A345,AIRBUS,Airbus A340-500,Airbus A340-541,Jet,4,D,,,V,6,146,,,63.45936,,67.93992,17.52600,27.58440,31.76016,12.61872,379999.72952172,245999.92516869,2D/2D1,Heavy,4618.618891776,Fixed-wing,Heavy,B,B,B,A,,III,9,No,0,110,,,21
A346,A346,AIRBUS,Airbus A340-600,Airbus A340-642,Jet,4,D,,,V,6,153,,,63.45936,,75.34656,17.92224,32.88792,37.06368,12.61872,379999.72952172,265000.00236325,2D/2D1,Heavy,5112.565774848,Fixed-wing,Heavy,B,B,B,A,,III,9,No,0,5590,,,22
A359,A359,AIRBUS,Airbus 350-900,Airbus A350-941,Jet,2,C,,,V,5,140,,,,64.748664,66.610992,17.46504,28.660344,29.77896,12.868656,280000.30203915,207000.05319609,2D,Heavy,4631.857574976,Fixed-wing,Heavy,B,B,B,A,,III,10,Yes,28,83162,AAC validated by Flight Standardization Board (FSB) report.,45571,23
A35K,A35K,AIRBUS,Airbus A350-1000 XWB,Airbus A350-1041,Jet,2,D,,,V,6,147,,,,64.73952,73.57872,17.416272,32.49168,33.71088,12.841224,316000.11407657,232999.96784449,3D,Heavy,5105.282176512,Fixed-wing,Heavy,B,B,B,G,,III,10,No,0,30508,AAC validated by Flight Standardization Board (FSB) report.,45571,24
A388,A388,AIRBUS,Airbus A380-800,Airbus A380-841,Jet,4,C,,,VI,6,138,,,79.76616,,72.72528,24.0792,31.88208,34.29000,14.340840,574999.99656946,393999.85802177,2D/3D2,Super,6148.267445376,Fixed-wing,Super,A,A,A,A,,III,10,No,0,27682,AAC validated by Flight Standardization Board (FSB) report.,45571,25
A400,A400,AIRBUS,Airbus A400M Atlas,Airbus A-400M,Turboprop,4,C,,,IV,3,130,,,42.39768,,45.1104,14.59992,13.4112,15.78864,7.9248,141000.09539924,122998.82860342,3D,Heavy,2119.332019392,Fixed-wing,Heavy,D,C,G,G,,III,,No,0,768,,,26
A5,A5,ICON,Icon A-5,Icon A-5,Piston,1,A,,,I,1A,59,,,10.60704,,7.0104,2.46888,2.01168,2.01168,1.61544,684.92447870,684.92447870,S,Light,116.537573376,Amphibian,Small,I,F,F,F,,I,1,Yes,137,18,,,27
AA1,AA1,GRUMMAN AMERICAN,Grumman American AA1,Grumman American AA-1 Yankee,Piston,1,A,,,I,1A,69,,,7.43712,,5.88264,2.04216,1.24968,1.24968,2.01168,680.38855500,680.38855500,S,Light,77.536877184,Fixed-wing,Small,I,F,F,F,,I,1,Yes,722,462,,,28
AA5,AA5,GRUMMAN AMERICAN,Grumman American AA5,Grumman American AA-5 Cheetah,Piston,1,A,,,I,1A,69,,,9.57072,,6.7056,2.4384,1.70688,1.70688,2.68224,997.90321400,997.90321400,S,Light,103.893469632,Fixed-wing,Small,I,F,F,F,,I,1,Yes,1729,11230,,,29
AC11,AC11,ROCKWELL,Rockwell Commander 112,Rockwell Commander 115,Piston,1,A,,,I,1A,70,,,9.99744,,7.58952,2.56032,2.07264,2.07264,3.59664,1474.17520250,1424.28004180,S,Light,118.888020288,Fixed-wing,Small,I,F,F,F,,I,2,Yes,298,3368,,,30
AC50,AC50,AERO,Aero Commander 500,Aero Commander 500,Piston,2,A,,,II,1A,77,,,14.9352,,11.21664,4.41960,4.2672,2.40792,3.93192,2721.55422000,1950.44719100,S,Light,229.173219072,Fixed-wing,Small,I,F,F,F,,II,3,Yes,169,15548,,,31
AC56,AC56,AERO,Aero Commander 560,Aero Commander 560,Piston,2,B,,,II,1A,97,,,14.9352,,11.21664,4.41960,5.09016,5.09016,3.93192,2721.55422000,1950.44719100,S,Light,229.331154240,Fixed-wing,Small,I,F,F,F,,II,4,Yes,24,0,,,32
AC68,AC68,AERO,Aero Commander 680FP,Aero Commander 680 Super,Piston,2,B,,,II,1A,97,,,15.08760,,10.69848,4.41960,4.2672,4.2672,3.93192,3855.53514500,3855.53514500,S,Light,221.66665344,Fixed-wing,Small,I,F,F,F,,II,5,Yes,38,110,,,33
AC6L,AC6L,AERO,Aero Commander 680FL,Aero Commander 685,Piston,2,B,,,II,2A,98,,,13.44168,,13.1064,4.5720,5.09016,5.09016,4.69392,4082.33133000,4082.33133000,S,Light,241.157711232,Fixed-wing,Small,I,F,F,F,,II,6,Yes,16,60,,,34
AC80,AC80,ROCKWELL,Rockwell Commander Turbo 680,Rockwell Turbo Commander 680,Turboprop,2,B,,,II,1A,97,,,14.23416,,12.64920,4.41960,5.09016,5.09016,3.93192,4059.65171150,3855.53514500,S,Light,244.836671616,Fixed-wing,Small,I,F,F,F,,II,4,Yes,1,140,,,35
AC90,AC90,GULFSTREAM AEROSPACE-ROCKWELL,Gulfstream 690 Commander 690,Rockwell Commander 690,Turboprop,2,B,,,I,2A,97,,,15.88008,,13.53312,4.5720,5.42544,5.42544,4.69392,4683.34122025,4388.50617975,S,Light,284.710656384,Fixed-wing,Small,I,F,F,F,,II,4,Yes,179,8012,,,36
AC95,AC95,GULFSTREAM AEROSPACE-ROCKWELL,Gulfstream Jetprop Commander 1000,Rockwell Jetprop Commander 980,Turboprop,2,B,,,II,2A,100,,,15.88008,,13.1064,4.5720,5.42544,5.42544,4.69392,4683.34122025,4388.50617975,S,Light,276.813897984,Fixed-wing,Small,I,F,F,F,,II,6,No,0,3000,,,37
AEST,AEST,PIPER,Piper Aero Star,Piper Aerostar,Piston,2,B,,,I,1A,96,,,11.18616,,10.60704,3.87096,3.56616,2.71272,3.10896,2864.43581655,2721.55422000,S,Light,172.716041664,Fixed-wing,Small,I,F,F,F,,II,5,Yes,185,10890,,,38
AN12,AN12,ANTONOV,Antonov AN-12,Antonov AN-12,Turboprop,4,C,,,IV,2B,127,,,38.03904,,34.01568,10.54608,11.64336,12.71016,4.75488,61000.00910234,57999.94916716,2D,Medium,1460.222111808,Fixed-wing,Large,F,D,D,C,,III,,No,0,490,,,39
AN72,AN72,ANTONOV,Antonov AN-74-100/200,Antonov AN-72,Jet,2,B,,,III,1B,100,,,31.88208,,28.07208,8.65632,8.13816,8.8392,4.14528,34500.23566220,33000.20569461,2S,Medium,1034.020125504,Fixed-wing,Large,F,D,D,C,,III,,No,0,0,,,40
AR11,AR11,AERONCA,Aeronca 11 Chief,Aeronca 11 Chief,Piston,1,A,,,I,1A,49,,,10.9728,,6.33984,2.07264,4.81584,4.81584,2.10312,566.99046250,566.99046250,S,Light,110.387392128,Fixed-wing,Small,I,F,F,F,,I,1,Yes,762,4,,,41
ASTR,ASTR,IAI,IAI Astra 1125,IAI 1125 Astra,Jet,2,B,,,II,1B,120,,,16.06296,,16.94688,5.54736,7.34568,7.6200,3.6576,10659.42069500,9389.36205900,D,Medium,352.706391360,Fixed-wing,Small+,H,F,E,E,,III,7,Yes,45,17504,,,42
AT3T,AT3T,AIR TRACTOR,Air Tractor AT-402,Air Tractor AT-302/400/402,Turboprop,1,A,,,II,1B,74,,,15.57528,,9.32688,2.89560,8.56488,8.56488,2.89560,4159.44203290,3175.14659000,S,Light,201.896886528,Fixed-wing,Small,I,F,F,F,,I,,Yes,180,10,,,43
AT43,AT43,ATR,ATR 42-300/320,ATR 42-300,Turboprop,2,B,,,III,2A,104,,,24.59736,,22.67712,7.58952,8.77824,8.77824,4.5720,16703.53902525,16401.90009920,D,Medium,668.325889152,Fixed-wing,Large,G,E,D,D,,III,3,Yes,23,11628,,,44
AT44,AT44,ATR,ATR-42-400,ATR 42-400,Turboprop,2,B,,,III,2A,104,,,24.59736,,22.67712,7.58952,8.77824,8.77824,4.5720,16699.91028629,16400.08572972,D,Medium,668.307308544,Fixed-wing,Large,G,E,D,D,,III,3,No,0,72,,,45
AT45,AT45,ATR,ATR 42-500,ATR 42-500,Turboprop,2,B,,,III,2A,104,,,24.59736,,22.67712,7.58952,8.77824,8.77824,4.5720,18599.55513185,18300.18416765,D,Medium,668.325889152,Fixed-wing,Large,G,E,D,D,,III,3,Yes,14,378,,,46
AT46,AT46,ATR,ATR 42-600,ATR 42-600,Turboprop,2,B,,,III,2A,104,,,24.59736,,22.67712,7.58952,8.77824,8.77824,4.78536,18599.55513185,18300.18416765,D,Medium,668.307308544,Fixed-wing,Large,G,E,D,D,,III,3,No,0,33120,,,47
AT5T,AT5T,AIR TRACTOR,Air Tractor AT-503,Air Tractor AT-502/503/504,Turboprop,1,A,,,II,1B,77,,,15.8496,,8.2296,3.13944,9.29640,7.55904,3.3528,4354.48675200,3628.73896000,S,Light,184.31963136,Fixed-wing,Small,I,F,F,F,,I,,Yes,504,30,,,48
AT6T,AT6T,AIR TRACTOR,AT-602 Air Tractor,Air Tractor AT-602,Turboprop,1,B,,,II,1B,92,,,17.0688,,10.21080,3.3528,9.38784,9.38784,3.3528,5669.90462500,5443.10844000,S,Light,236.06662464,Fixed-wing,Small,I,F,F,F,,I,,Yes,238,10,,,49
AT72,AT72,ATR,ATR-72-201/202,ATR 72-200,Turboprop,2,B,,,III,2A,114,,,27.06624,,27.15768,7.65048,10.75944,10.75944,5.24256,21500.27833800,21349.68567116,D,Medium,863.515176192,Fixed-wing,Large,G,E,D,D,,III,3,Yes,4,9638,,,50
AT73,AT73,ATR,ATR 72-211/212,ATR 72-210,Turboprop,2,B,,,III,2A,109,,,27.03576,,27.15768,7.65048,10.75944,10.75944,4.84632,21499.82474563,21349.68567116,D,Medium,862.855564608,Fixed-wing,Large,G,E,D,D,,III,3,Yes,16,6574,,,51
AT75,AT75,ATR,ATR-72-500,ATR 72-210A,Turboprop,2,B,,,III,2A,120,,,24.56688,,27.15768,7.65048,10.75944,10.75944,5.24256,22799.82047805,21849.99805527,D,Medium,792.044867520,Fixed-wing,Large,G,E,D,D,,III,3,Yes,3,2804,,,52
AT76,AT76,ATR,ATR 72-600/212A,ATR 72-212A 600,Turboprop,2,B,,,III,1B,113,,,27.03576,,27.15768,7.65048,10.75944,10.75944,4.08432,22799.82047805,22349.85684701,D,Medium,862.855564608,Fixed-wing,Large,G,E,D,D,,III,3,Yes,17,23470,,,53
AT8T,AT8T,AIR TRACTOR,Air Tractor AT-802,ATR AT-802,Turboprop,1,B,,,II,1B,103,,,18.07464,,11.43000,3.41376,7.25424,7.25424,3.3528,7257.47792000,7257.47792000,S,Light/Medium,273.422937024,Fixed-wing,Small+,H,F,E,E,,III,,Yes,534,116,,,54
B18T,B18T,BEECH,Beech 18 (Turbo),Volpar Turbo 18,Turboprop,2,A,,,I,2A,87,,,14.0208,,13.50264,2.92608,9.1440,9.1440,5.85216,4490.56446300,4309.12751500,S,Light,256.22658432,Fixed-wing,Small,I,F,F,F,,II,1,Yes,3,462,,,55
B190,B190,BEECH,Beech 1900/C-12J,Beech 1900D,Turboprop,2,B,B,C,II,2A,121,109,121,17.6784,,17.58696,4.69392,7.25424,7.25424,5.85216,7765.50137440,7257.47792000,D,Medium,395.915595264,Fixed-wing,Small+,H,F,E,E,,III,7,Yes,143,125508,"AAC validated by Flight Standardization Board (FSB) report.  Verify with aircraft operator if they are using an approved Supplemental Type Certificate with a “Flaps Approach” or “Flaps 17” configuration during a Normal Landing; if so, and the aircraft has regular use, select AAC C.",,56
B2,B2,NORTHROP,Northrop B-2 Spirit,Northrop B-2 Spirit,Jet,4,C,,,V,5,140,,,52.4256,,21.0312,5.1816,13.16736,13.16736,14.44752,170549.99992909956,,2D,Heavy,1251.21814272,Fixed-wing,Heavy,D,C,G,G,,III,,Yes,21,1158,,,57
B350,B350,BEECH,Beech Super King Air 350,Beechcraft Super King Air 350,Turboprop,2,B,,,II,2A,107,,,17.64792,,14.23416,4.35864,4.96824,4.96824,5.24256,6803.88555000,6803.88555000,D,Light/Medium,325.99676736,Fixed-wing,Small+,H,F,E,E,,III,7,Yes,1201,233806,,,58
B36T,B36T,ALLISON-BEECH,Allison 36 Turbine Bonanza,Beech Bonanza 36 Turbine,Piston,1,A,,,I,1A,73,,,10.21080,,8.90016,2.62128,2.1336,2.1336,3.0480,1655.61215050,1655.61215050,S,Light,138.211852608,Fixed-wing,Small,I,F,F,F,,I,1,Yes,110,1068,,,59
B37M,B37M,BOEING,Boeing 737 MAX 7,Boeing 737 Max 7,Jet,2,D,C,D,III,3,145,140,145,35.90544,,35.57016,12.4968,13.35024,15.02664,7.04088,80285.84949000,66043.04907200,D,Medium,1444.948852032,Fixed-wing,Large,F,D,D,C,,III,,Yes,7,94,"Depending on flaps configuration and MALW, AAC could be C. AAC validated by Flight Standardization Board (FSB) report.",,60
B38M,B38M,BOEING,Boeing 737 MAX 8,Boeing B737-8 Max,Jet,2,D,C,D,III,2B,145,140,145,35.90544,,39.53256,12.28344,15.60576,17.22120,5.73024,82190.93744400,69308.91413600,D,Medium,1599.297962688,Fixed-wing,Large,F,D,D,C,,III,8,Yes,148,1020032,"Depending on flaps configuration and MALW, AAC could be C. AAC validated by Flight Standardization Board (FSB) report.",,61
B39M,B39M,BOEING,Boeing 737 MAX 9,Boeing B737-9 Max,Jet,2,D,C,D,III,3,150,140,150,35.90544,,42.15384,12.43584,17.16024,18.92808,7.04088,88314.43443900,74343.78944300,D,Medium,1701.398403648,Fixed-wing,Large,F,D,D,C,,III,8,Yes,53,291234,"Depending on flaps configuration and MALW, AAC could be C. AAC validated by Flight Standardization Board (FSB) report.",,62
B461,B461,BRITISH AEROSPACE,BAe 146-100,British Aerospace BAe 146-100 Statesman,Jet,4,C,,,III,2A,121,,,26.33472,,26.18232,8.62584,11.21664,11.21664,5.4864,38101.75908000,35153.40867500,D,Medium,814.434500160,Fixed-wing,Large,G,E,D,D,,III,7,Yes,2,6,,,63
B462,B462,BRITISH AEROSPACE,BAe 146 -200,British Aerospace BAe 146-200,Jet,4,C,,,III,2A,122,,,26.33472,,28.55976,8.62584,11.21664,11.21664,5.4864,42184.09041000,3674.09819700,D,Medium,883.860941952,Fixed-wing,Large,G,E,D,D,,III,7,Yes,11,274,,,64
B52,B52,BOEING,Boeing B-52 Stratofortress,Boeing B-52 Stratofortress,Jet,8,D,,,V,4,141,,,56.3880,,49.04232,12.43584,14.99616,24.81072,4.96824,221353.07656000,,D2,Heavy,3005.459795520,Fixed-wing,Heavy,D,B,G,G,,III,,Yes,80,5540,,,65
B703,B703,BOEING,Boeing 707-300,Boeing B707-300,Jet,4,C,,,IV,4,128,,,44.43984,,46.60392,12.83208,17.9832,20.84832,7.6200,151318.41463200,97522.35955000,2D,Heavy,2285.777105856,Fixed-wing,Heavy,D,C,G,G,,III,9,Yes,9,1230,,,66
B712,B712,BOEING,Boeing 717-200,Boeing B717-200,Jet,2,C,,,III,2B,139,,,28.43784,,37.7952,9.05256,17.61744,17.00784,5.91312,53523.89966000,45359.23700000,D,Medium,1238.39752320,Fixed-wing,Large,F,D,D,C,,III,7,Yes,122,371276,AAC validated by Flight Standardization Board (FSB) report.,,67
B721,B721,BOEING,Boeing 727-100 (C-22),Boeing 727-100,Jet,2,C,,,III,3,124,,,32.9184,,40.59936,10.45464,16.24584,18.34896,6.58368,72574.77920000,63502.93180000,D,Medium,1514.700454464,Fixed-wing,Large,F,D,D,C,,III,7,Yes,1,16,,,68
B722,B722,BOEING,Boeing 727-200,Boeing B727-228 Adv,Jet,2,C,,,III,4,133,,,32.9184,33.31464,46.69536,10.63752,19.29384,21.39696,6.58368,83823.86997600,68038.85550000,D,Medium,1733.914467648,Fixed-wing,Large,F,D,D,C,,III,7,Yes,41,4268,,,69
B732,B732,BOEING,Boeing 737-200/VC96,Boeing B737-200,Jet,2,C,,,III,3,129,,,28.3464,,30.54096,11.21664,11.36904,12.98448,6.37032,52389.91873500,46720.01411000,D,Medium,1006.344309888,Fixed-wing,Large,F,D,D,C,,III,7,Yes,17,5202,AAC validated by Flight Standardization Board (FSB) report.,,70
B733,B733,BOEING,Boeing 737-300,Boeing B737-300,Jet,2,C,,,III,3,135,,,28.89504,31.21152,33.40608,11.06424,12.43584,14.05128,6.37032,63276.13561500,52525.99644600,D,Medium,1115.050156992,Fixed-wing,Large,F,D,D,C,,III,7,Yes,70,39394,AAC validated by Flight Standardization Board (FSB) report.,,71
B734,B734,BOEING,Boeing 737-400,Boeing B737-400E,Jet,2,C,,,III,3,139,,,28.89504,,36.45408,11.06424,14.26464,15.88008,6.37032,68038.85550000,56109.37616900,D,Medium,1212.366091392,Fixed-wing,Large,F,D,D,C,,III,8,Yes,55,34514,AAC validated by Flight Standardization Board (FSB) report.,,72
B735,B735,BOEING,Boeing 737-500,Boeing B737-500,Jet,2,C,,,III,3,128,,,28.89504,,31.02864,11.06424,11.06424,12.67968,6.37032,61688.56232000,49895.16070000,D,Medium,1038.851083584,Fixed-wing,Large,F,D,D,C,,III,7,Yes,22,2210,AAC validated by Flight Standardization Board (FSB) report.,,73
B736,B736,BOEING,Boeing 737-600,Boeing B737-600,Jet,2,C,,,III,3,125,,,34.32048,35.78352,31.24200,12.71016,11.21664,12.83208,6.97992,65544.09746500,55111.47295500,D,Medium,1224.220519296,Fixed-wing,Large,F,D,D,C,,III,7,Yes,6,16720,AAC validated by Flight Standardization Board (FSB) report.,,74
B737,B737,BOEING,Boeing 737-700,Boeing B737-700,Jet,2,C,,,III,3,130,,,34.32048,35.78352,33.61944,12.67968,12.58824,14.20368,6.97992,70080.02116500,66043.04907200,D,Medium,1313.388857088,Fixed-wing,Large,F,D,D,C,,III,8,Yes,633,1720060,AAC validated by Flight Standardization Board (FSB) report.,,75
B738,B738,BOEING,Boeing 737-800,Boeing B737-800,Jet,2,D,C,D,III,3,144,140,144,34.32048,35.78352,39.47160,12.61872,15.60576,17.19072,7.0104,79015.79085400,66349.22392175,D,Medium,1531.69242048,Fixed-wing,Large,F,D,D,C,,III,8,Yes,971,2484764,"Depending on flaps configuration and MALW, AAC could be C. AAC validated by Flight Standardization Board (FSB) report.",,76
B739,B739,BOEING,Boeing 737-900,Boeing B737-900ER,Jet,2,D,C,D,III,3,149,140,149,34.32048,35.78352,42.12336,12.61872,17.16024,18.77568,7.0104,85139.28784900,32386.49521800,D,Medium,1630.392610176,Fixed-wing,Large,F,D,D,C,,III,8,Yes,296,962126,"Depending on flaps configuration and MALW, AAC could be C. AAC validated by Flight Standardization Board (FSB) report.",,77
B741,B741,BOEING,Boeing 747-100,Boeing 747-100,Jet,4,D,,,V,5,144,,,59.64936,,70.65264,19.59864,26.79192,28.77312,12.40536,340194.27750000,265351.53645000,2D/2D2,Heavy,4525.260626880,Fixed-wing,Heavy,D,B,G,G,,III,10,Yes,5,8,,,78
B742,B742,BOEING,Boeing 747-200,Boeing B747-200,Jet,4,D,,,V,5,150,,,59.64936,,70.65264,19.72056,26.79192,28.77312,12.40536,377842.44421000,285763.19310000,2D/2D2,Heavy,4525.195594752,Fixed-wing,Heavy,B,B,B,A,,III,10,Yes,13,1192,,,79
B743,B743,BOEING,Boeing 747-300,Boeing B747-300,Jet,4,D,,,V,5,142,,,59.64936,,70.65264,19.59864,26.79192,28.77312,12.40536,377842.44421000,260362.02038000,2D/2D2,Heavy,4525.260626880,Fixed-wing,Heavy,D,B,G,G,,III,10,No,0,12,,,80
B744,B744,BOEING,Boeing 747-400,Boeing B747-400,Jet,4,D,,,V,5,157,,,59.64936,,70.68312,19.59864,26.79192,28.77312,12.40536,412769.05670000,285763.19310000,2D/2D2,Heavy,4525.660109952,Fixed-wing,Heavy,B,B,B,A,,III,10,Yes,125,103516,AAC validated by Flight Standardization Board (FSB) report.,,81
B748,B748,BOEING,Boeing 747-8,Boeing B747-8F,Jet,4,D,,,VI,6,159,,,68.39712,,76.26096,19.56816,29.65704,33.2232,12.74064,447695.66919000,312071.55056000,2D/2D2,Heavy,5557.023208512,Fixed-wing,Heavy,B,B,B,A,,III,8,Yes,41,78946,AAC validated by Flight Standardization Board (FSB) report.,,82
B752,B752,BOEING,Boeing 757-200,Boeing B757-200,Jet,2,C,,,IV,4,137,,,38.03904,41.08704,47.33544,13.74648,18.2880,21.9456,8.5344,115892.85053500,89811.28926000,2D,Medium,2006.863599168,Fixed-wing,Large,E,D,D,C,,III,7,Yes,474,468496,,,83
B753,B753,BOEING,Boeing 757-300,Boeing B757-300,Jet,2,D,,,IV,4,143,,,38.03904,41.08704,54.43728,13.65504,22.34184,25.99944,8.5344,122469.93990000,101604.69088000,2D,Medium,2299.545336384,Fixed-wing,Large,E,D,D,C,,III,8,Yes,37,71542,,,84
B762,B762,BOEING,Boeing 767-200,Boeing B767-200,Jet,2,C,,,IV,5,135,,,47.57928,,48.52416,16.12392,19.69008,21.97608,10.91184,142881.59655000,117934.01620000,2D,Heavy,2533.029256512,Fixed-wing,Heavy,C,C,C,B,,III,9,Yes,65,50342,,,85
B763,B763,BOEING,Boeing 767-300,Boeing B767-300ER,Jet,2,C,,,IV,5,140,,,47.57928,50.9016,54.95544,16.03248,22.76856,25.05456,10.91184,186880.05644000,145149.55840000,2D,Heavy,2858.282799552,Fixed-wing,Heavy,C,C,C,B,,III,9,Yes,462,564482,,,86
B764,B764,BOEING,Boeing 767-400,Boeing B767-400,Jet,2,D,,,IV,5,150,,,51.90744,,61.35624,17.00784,26.15184,28.0416,10.9728,204116.56650000,158757.32950000,2D,Heavy,3456.689860800,Fixed-wing,Heavy,C,C,C,B,,III,9,Yes,37,40362,,,87
B772,B772,BOEING,Boeing 777-200,Boeing B777-200ER,Jet,2,C,,,V,5,140,,,60.92952,,63.73368,18.74520,25.87752,29.50464,12.89304,297556.59472000,213188.41390000,3D,Heavy,4175.034746688,Fixed-wing,Heavy,B,B,B,A,,III,9,Yes,169,169660,AAC validated by Flight Standardization Board (FSB) report.,,88
B773,B773,BOEING,Boeing 777-300,Boeing B777-300,Jet,2,D,,,V,6,149,,,60.92952,,63.73368,18.74520,31.21152,34.22904,12.89304,299370.96420000,237682.40188000,3D,Heavy,4175.034746688,Fixed-wing,Heavy,B,B,B,A,,III,9,Yes,6,134,AAC validated by Flight Standardization Board (FSB) report.,,89
B778,B778,BOEING,Boeing 777-8,Boeing 777-8,Jet,2,D,,,VI,6,152,,,71.74992,,69.7992,19.47672,28.55976,32.06496,12.83208,351534.08675000,266258.72119000,3D,Heavy,5334.827007744,Fixed-wing,Heavy,D,B,,,,III,,No,0,2,Estimated approach speed. Aircraft is in flight testing.,,90
B779,B779,BOEING,Boeing 777-9,Boeing 777-9,Jet,2,D,,,VI,6,154,,,71.74992,,76.74864,19.69008,32.33928,36.17976,12.83208,351534.08675000,266258.72119000,3D,Heavy,5854.628806848,Fixed-wing,Heavy,D,B,,,,III,,Yes,5,700,Estimated approach speed. Aircraft is in flight testing.,,91
B77L,B77L,BOEING,Boeing 777-200LRF/LR,Boeing B777-200LR,Jet,2,C,,,V,5,140,,,64.64808,,63.73368,18.74520,27.58440,28.89504,14.08176,347499.83621122,260815.61275000,3D,Heavy,4417.688196864,Fixed-wing,Heavy,B,B,B,A,,III,7,Yes,12,124946,AAC validated by Flight Standardization Board (FSB) report.,,92
B77W,B77W,BOEING,Boeing 777-300ER,Boeing B777-300ER,Jet,2,D,,,V,6,149,,,64.80048,,73.85304,18.83664,31.21152,34.86912,12.89304,351534.08675000,251290.17298000,3D,Heavy,5114.526028992,Fixed-wing,Heavy,B,B,B,A,,III,7,Yes,51,170308,AAC validated by Flight Standardization Board (FSB) report.,,93
B788,B788,BOEING,Boeing 787-8 BBJ/Dreamliner,Boeing B787-8,Jet,2,D,C,D,V,5,144,140,144,60.13704,,56.72328,17.09928,22.79904,25.42032,11.61288,227930.16592500,172365.10060000,2D,Heavy,3679.14619008,Fixed-wing,Heavy,B,B,B,A,,III,7,Yes,69,95034,"Depending on configurations and performance packages, AAC could be C. AAC validated by Flight Standardization Board (FSB) report.",,94
B789,B789,BOEING,Boeing 787-9 Dreamliner,Boeing B787-9,Jet,2,D,C,D,V,5,144,140,144,60.13704,,62.81928,17.09928,25.84704,28.46832,11.85672,254011.72720000,192776.75725000,2D,Heavy,4064.22929088,Fixed-wing,Heavy,B,B,B,A,,III,7,Yes,68,160374,"Depending on configurations and performance packages, AAC could be C. AAC validated by Flight Standardization Board (FSB) report.",,95
B78X,B78X,BOEING,Boeing 787-10 Dreamliner,Boeing B787-10,Jet,2,D,,,V,6,149,,,60.13704,,68.30568,17.00784,28.89504,31.51632,11.85672,254011.72720000,201848.60465000,2D,Heavy,4411.807434432,Fixed-wing,Heavy,D,B,G,G,,III,,Yes,16,37874,Approach speed estimated by Virginia Tech.,,96
BA11,BA11,BAC,BAC 111 One-Eleven,BAC 1.11/400,Jet,2,C,,,III,2B,133,,,26.97480,,28.49880,7.46760,10.51560,12.89304,5.66928,39462.53619000,39462.08259763,D,Medium,901.373164992,Fixed-wing,Large,F,D,D,C,,III,7,Yes,2,0,,,97
BCS1,BCS1,AIRBUS-BOMBARDIER,Airbus A220-100,Bombardier CS100,Jet,2,C,,,III,3,130,,,35.08248,,34.99104,11.79576,13.04544,13.83792,8.01624,63094.69866700,54199.75229130,D,Medium,1391.529604032,Fixed-wing,Large,F,D,D,C,,III,7,Yes,45,116980,AAC validated by Flight Standardization Board (FSB) report.,,98
BCS3,BCS3,AIRBUS-BOMBARDIER,Airbus A220-300,Bombardier CS300,Jet,2,C,,,III,3,135,,,35.08248,,38.7096,11.79576,14.6304,15.45336,8.01624,70899.66257759,60599.94063200,D,Medium,1533.968544960,Fixed-wing,Large,F,D,D,C,,III,7,Yes,42,153832,,,99
BE10,BE10,BEECH,Beech King Air 100,Beech 100 King Air,Turboprop,2,B,,,I,1A,111,,,13.99032,,12.16152,4.69392,4.23672,4.5720,4.17576,5352.38996600,5084.77046770,D,Light,233.335275264,Fixed-wing,Small,I,F,F,F,,II,7,Yes,105,14424,,,100
BE18,BE18,BEECH,Beech 18,Beech 18 Twin Beech,Piston,2,A,,,II,2A,87,,,15.14856,,10.75944,2.83464,9.1440,9.1440,5.85216,4399.84598900,4263.76827800,S,Light,223.115940864,Fixed-wing,Small,I,F,F,F,,II,4,Yes,186,416,,,101
BE19,BE19,BEECH,Beech B19 Musketeer,Beech 19 Sport,Piston,1,A,,,I,1A,65,,,9.99744,,7.83336,2.52984,1.88976,1.88976,3.74904,975.22359550,906.73114763,S,Light,122.07459456,Fixed-wing,Small,I,F,F,F,,I,1,Yes,265,248,,,102
BE20,BE20,BEECH,Beech 200 Super King,Beechcraft Super King Air B200,Turboprop,2,B,,,II,2A,107,,,16.61160,,13.35024,4.5720,4.5720,4.5720,5.24256,5669.90462500,5669.90462500,D,Light/Medium,292.124318976,Fixed-wing,Small+,I,F,F,F,,III,7,Yes,764,370044,AAC validated by Flight Standardization Board (FSB) report.,,103
BE23,BE23,BEECH,Beech 23 Sundowner,Beech 23 Musketeer,Piston,1,A,,,I,1A,70,,,9.99744,,7.83336,2.52984,1.79832,1.79832,3.59664,1111.30130650,1111.30130650,S,Light,122.07459456,Fixed-wing,Small,I,F,F,F,,I,2,Yes,467,2534,,,104
BE24,BE24,BEECH,Beech 24 Sierra,Beech 24 Sierra,Piston,1,A,,,I,1A,78,,,9.99744,,7.83336,2.52984,1.79832,1.79832,4.14528,1247.37901750,1247.37901750,S,Light,122.07459456,Fixed-wing,Small,I,F,F,F,,I,3,Yes,177,2638,,,105
BE30,BE30,RAYTHEON-BEECH,Raytheon 300 Super King Air,Beech Super King Air 300,Turboprop,2,B,,,II,2A,107,,,17.64792,,14.23416,4.35864,4.96824,4.96824,5.24256,6350.29318000,6350.29318000,D,Light,325.99676736,Fixed-wing,Small+,I,F,F,F,,III,6,Yes,437,61714,AAC validated by Flight Standardization Board (FSB) report.,,106
BE33,BE33,BEECH,Beech Bonanza 33,Beech 33 Bonanza,Piston,1,A,,,I,1A,69,,,10.21080,,8.13816,2.52984,2.22504,2.22504,2.92608,1542.21405800,1542.21405800,S,Light,127.983227904,Fixed-wing,Small,I,F,F,F,,I,4,Yes,1997,32218,,,107
BE35,BE35,BEECH,Beech Bonanza 35,Beech 35 Bonanza,Piston,1,A,,,I,1A,72,,,10.82040,,7.68096,2.31648,2.22504,2.22504,2.92608,1542.21405800,1542.21405800,S,Light,127.528003008,Fixed-wing,Small,I,F,F,F,,I,3,Yes,5071,43228,,,108
BE36,BE36,BEECH,Beech Bonanza 36,Beechcraft Bonanza G36,Piston,1,A,,,I,1A,77,,,10.21080,,8.38200,2.62128,2.04216,2.04216,2.92608,1655.61215050,1655.61215050,S,Light,131.346317952,Fixed-wing,Small,I,F,F,F,,I,2,Yes,2533,99632,,,109
BE40,BE40,RAYTHEON-BEECH-HAWKER,Raytheon/Beech Beechjet 400/T-1 Jayhawk,Hawker 400XP,Jet,2,B,,,I,1A,114,,,13.25880,,14.75232,4.23672,5.88264,5.88264,2.83464,7302.83715700,7121.40020900,S,Medium,265.498307712,Fixed-wing,Small+,H,F,E,E,,III,8,Yes,399,194472,,,110
BE50,BE50,BEECH,Beechcraft 50 Twin Bonanza,Beech 50 Twin Bonanza,Piston,2,A,,,I,1A,80,,,13.80744,,9.60120,3.44424,2.16408,2.16408,4.2672,2859.89989285,,S,Light,187.524786240,Fixed-wing,Small,I,F,F,F,,II,4,Yes,123,986,,,111
BE55,BE55,BEECH,Beech Baron 55,Beech 55 Baron,Piston,2,B,,,I,1A,95,,,11.52144,,8.5344,2.92608,2.1336,2.1336,2.92608,2313.32108700,2313.32108700,S,Light,146.647448640,Fixed-wing,Small,I,F,F,F,,II,6,Yes,1561,29312,,,112
BE58,BE58,BEECH,Beech 58 Baron,Beechcraft Baron 58,Piston,2,B,,,I,1A,95,,,11.52144,,9.08304,2.98704,2.4384,2.4384,2.92608,2494.75803500,2449.39879800,S,Light,154.795045248,Fixed-wing,Small,I,F,F,F,,II,6,Yes,1224,88462,,,113
BE60,BE60,BEECH,Beech 60 Duke,Beech 60 Duke,Piston,2,B,,,I,1A,98,,,11.97864,,10.30224,3.74904,2.1336,2.1336,3.6576,3073.08830675,3073.08830675,S,Light,177.677064000,Fixed-wing,Small,I,F,F,F,,II,8,Yes,266,4128,,,114
BE65,BE65,BEECH,Beech 65 Queen Air,Beech 65 Queen Air,Piston,2,B,,,I,1A,92,,,13.99032,,10.82040,4.35864,3.74904,3.74904,4.20624,3492.66124900,3492.66124900,S,Light,210.230289216,Fixed-wing,Small,I,F,F,F,,II,5,Yes,37,8560,,,115
BE70,BE70,BEECH,Beech 70 Queen Air,Beech 70 Queen Air,Piston,2,B,,,II,1A,92,,,15.33144,,10.82040,4.35864,3.74904,3.74904,4.23672,3719.45743400,3719.45743400,S,Light,226.692707904,Fixed-wing,Small,I,F,F,F,,II,1,Yes,5,2,,,116
BE76,BE76,BEECH,Beech 76 Duchess,Beech Duchess 76,Piston,2,A,,,I,1A,76,,,11.5824,,8.8392,2.89560,2.25552,2.25552,3.38328,1769.01024300,1769.01024300,S,Light,151.61776128,Fixed-wing,Small,I,F,F,F,,II,4,Yes,157,2054,,,117
BE77,BE77,BEECH,Beech 77 Skipper,Beech 77 Skipper,Piston,1,A,,,I,1A,63,,,9.1440,,7.3152,2.40792,1.49352,1.49352,2.68224,759.76721975,759.76721975,S,Light,107.76752640,Fixed-wing,Small,I,F,F,F,,I,1,Yes,121,56,,,118
BE80,BE80,BEECH,Beech BE-80 Queen Air,Beech 80 Queen Air,Piston,2,B,,,II,1A,92,,,15.33144,,10.82040,4.35864,3.74904,3.74904,4.2672,3628.73896000,3628.73896000,S,Light,226.887804288,Fixed-wing,Small,I,F,F,F,,II,5,Yes,23,454,,,119
BE95,BE95,BEECH,Beechcraft 95 Travel Air,Beech 95 Travel Air,Piston,2,A,,,II,1A,79,,,11.52144,,7.89432,2.89560,2.19456,2.19456,3.38328,1905.08795400,,S,Light,137.375725248,Fixed-wing,Small,I,F,F,F,,II,5,Yes,262,3476,,,120
BE99,BE99,BEECH,Beech Airliner 99,Beech 99A Airliner,Turboprop,2,B,,,I,1A,107,,,13.99032,,13.59408,4.35864,5.42544,5.42544,4.54152,5125.59378100,5125.59378100,D,Light,257.675871744,Fixed-wing,Small,I,F,F,F,,II,5,Yes,115,72432,,,121
BE9L,BE9L,BEECH,Beech King Air 90,Beechcraft King Air E90,Turboprop,2,B,,,II,1A,100,,,15.33144,,10.82040,4.35864,3.74904,3.74904,3.90144,4755.91599945,4354.48675200,S,Light,226.887804288,Fixed-wing,Small,I,F,F,F,,II,5,Yes,858,213360,,,122
BE9T,BE9T,BEECH,Beech F90 King Air,Beech 90 (F90) King Air,Turboprop,2,B,,,II,2A,108,,,16.61160,,10.82040,4.51104,3.74904,3.9624,4.96824,4966.83645150,4966.83645150,S,Light,242.690611392,Fixed-wing,Small,I,F,F,F,,II,7,Yes,123,15856,,,123
BL17,BL17,BELLANCA,Bellanca Viking,Bellanca 17 Viking,Piston,1,A,,,I,1A,79,,,10.42416,,8.01624,2.22504,2.04216,2.7432,2.7432,1508.19463025,1508.19463025,S,Light,128.57780736,Fixed-wing,Small,I,F,F,F,,I,1,Yes,635,2660,,,124
BL8,BL8,BELLANCA,Bellanca 8 Scout,Bellanca 8 Scout,Piston,1,A,,,I,1A,56,,,11.03376,,7.0104,2.62128,4.72440,4.41960,2.10312,975.22359550,,S,Light,120.105050112,Fixed-wing,Small,I,F,F,F,,I,2,Yes,180,126,,,125
BLCF,BLCF,BOEING,Boeing 747-400LCF Dreamlifter,Boeing 747-400LCF Dreamlifter,Jet,4,D,,,V,4,155,,,64.9224,,71.68896,21.54936,27.03576,28.9560,8.38200,364235.00015009877,295742.22524000,2D/2D2,Heavy,4976.314176384,Fixed-wing,Heavy,D,B,G,G,,III,,Yes,4,848,,,126
BT36,BT36,BEECH,Beech 36 Bonanza,Beech Bonanza B36TC,Piston,1,A,,,I,1A,73,,,11.52144,,8.38200,2.62128,2.7432,2.7432,3.90144,1746.33062450,1746.33062450,S,Light,144.324872640,Fixed-wing,Small,I,F,F,F,,I,3,Yes,2817,7990,,,127
C120,C120,CESSNA,Cessna 120,Cessna 120,Piston,1,A,,,I,1A,52,,,10.14984,,6.55320,1.92024,5.27304,5.27304,2.16408,680.38855500,680.38855500,S,Light,106.671270528,Fixed-wing,Small,I,F,F,F,,I,1,Yes,657,18,,,128
C130,C130,LOCKHEED,Lockheed 130 Hercules,Lockheed L-100-30 Hercules,Turboprop,4,B,,,IV,2B,117,,,40.41648,,29.80944,11.82624,12.46632,13.1064,4.8768,70306.81735000,58967.00810000,2S,Medium,1361.233922688,Fixed-wing,Large,F,D,D,C,,III,,Yes,15,35856,,,129
C140,C140,CESSNA,Cessna 140,Cessna 140,Piston,1,A,,,I,1A,52,,,10.14984,,6.55320,1.92024,5.36448,5.36448,2.10312,680.38855500,680.38855500,S,Light,106.671270528,Fixed-wing,Small,I,F,F,F,,I,3,Yes,1837,16,,,130
C150,C150,CESSNA,Cessna 150,Cessna 150,Piston,1,A,,,I,1A,55,,,10.11936,,7.28472,2.59080,1.43256,1.43256,2.16408,725.74779200,725.74779200,S,Light,115.961574528,Fixed-wing,Small,I,F,F,F,,I,1,Yes,8194,4584,,,131
C152,C152,CESSNA,Cessna 152,Cessna 152,Piston,1,A,,,I,1A,56,,,10.11936,,7.34568,2.59080,1.5240,1.5240,2.56032,759.76721975,759.76721975,S,Light,116.630476416,Fixed-wing,Small,I,F,F,F,,I,1,Yes,1742,6666,,,132
C160,C160,TRANSALL,Transall C-160,Transall C-160P,Turboprop,2,C,,,IV,3,125,,,39.98976,,32.40024,11.70432,10.6680,10.6680,6.55320,51000.11171332,46998.97341755,2D,Medium,1460.333595456,Fixed-wing,Large,F,D,D,C,,III,,No,0,2,,,133
C162,C162,CESSNA,Cessna 162 Skycatcher,Cessna 162,Piston,1,A,,,I,1A,51,,,9.1440,,6.94944,2.59080,1.8288,1.8288,2.46888,598.74192840,598.74192840,S,Light,103.30818048,Fixed-wing,Small,I,F,F,F,,I,2,Yes,180,16,,,134
C17,C17,BOEING,Boeing Globemaster 3,Boeing C-17 Globemaster 3,Jet,4,B,,,IV,5,115,,,51.75504,,53.0352,16.79448,18.83664,19.41576,10.27176,265351.53645000,202719.50200040,2T,Heavy,2990.010019968,Fixed-wing,Heavy,C,C,C,B,,III,,Yes,222,58688,,,135
C170,C170,CESSNA,Cessna 170,Cessna 170,Piston,1,A,,,I,1A,59,,,10.9728,,7.6200,2.01168,1.70688,1.70688,3.0480,997.90321400,997.90321400,S,Light,128.038969728,Fixed-wing,Small,I,F,F,F,,I,4,Yes,2059,414,,,136
C172,C172,CESSNA,Cessna Skyhawk 172/Cutlass,Cessna 172S Skyhawk SP,Piston,1,A,,,I,1A,62,,,11.00328,,8.29056,2.71272,1.64592,1.64592,2.56032,1156.66054350,1111.30130650,S,Light,137.77520832,Fixed-wing,Small,I,F,F,F,,I,1,Yes,20154,413588,,,137
C175,C175,CESSNA,Cessna 175,Cessna 175 Skylark,Piston,1,A,,,I,1A,56,,,11.03376,,7.6200,2.59080,1.67640,1.67640,3.0480,1111.30130650,1111.30130650,S,Light,128.680000704,Fixed-wing,Small,I,F,F,F,,I,2,Yes,897,404,,,138
C177,C177,CESSNA,Cessna 177 Cardinal,Cessna 177 Cardinal,Piston,1,A,,,I,1A,52,,,10.82040,,8.32104,2.62128,1.95072,1.95072,2.71272,1133.98092500,1133.98092500,S,Light,136.325920896,Fixed-wing,Small,I,F,F,F,,I,2,Yes,798,6068,,,139
C180,C180,CESSNA,Cessna 180 Skywagon,Cessna 180,Piston,1,A,,,I,1B,64,,,10.91184,,7.80288,2.37744,6.15696,6.15696,2.52984,1270.05863600,1270.05863600,S,Light,130.389416640,Fixed-wing,Small,I,F,F,F,,I,2,Yes,2576,3000,,,140
C182,C182,CESSNA,Cessna Skylane 182,Cessna 182T Skylane,Piston,1,A,,,I,1A,65,,,10.9728,,8.8392,2.83464,1.70688,1.70688,2.7432,1406.13634700,1338.09749150,S,Light,145.30035456,Fixed-wing,Small,I,F,F,F,,I,2,Yes,12989,107588,,,141
C185,C185,CESSNA,Cessna 185 Skywagon,Cessna 185 Skywagon,Piston,1,A,,,I,1B,64,,,10.91184,,7.80288,2.37744,6.27888,6.27888,3.16992,1519.53443950,1519.53443950,S,Light,130.417287552,Fixed-wing,Small,I,F,F,F,,I,2,Yes,1576,2968,,,142
C188,C188,CESSNA,Cessna 188,Cessna A188B,Piston,1,A,,,I,1B,66,,,12.71016,,8.01624,2.34696,6.27888,6.27888,2.62128,1496.85482100,1496.85482100,S,Light,150.010538688,Fixed-wing,Small,I,F,F,F,,I,1,Yes,364,0,,,143
C195,C195,CESSNA,Cessna 195,Cessna 195,Piston,1,A,,,I,1B,52,,,11.03376,,8.32104,2.19456,6.18744,6.18744,2.59080,1519.53443950,1519.53443950,S,Light,138.639206592,Fixed-wing,Small,I,F,F,F,,I,2,Yes,433,300,,,144
C206,C206,CESSNA,Cessna 206 Stationair,Cessna 206H,Piston,1,A,,,I,1A,70,,,10.9728,,8.62584,2.83464,1.76784,1.76784,2.46888,1632.93253200,1632.93253200,S,Light,142.095199680,Fixed-wing,Small,I,F,F,F,,I,2,Yes,2241,16938,,,145
C207,C207,CESSNA,Cessna 207 Stationair 7,Cessna 207,Piston,1,A,,,I,1A,71,,,11.00328,,9.60120,2.95656,2.07264,0.54864,3.13944,1718.66148993,1632.93253200,S,Light,177.72351552,Fixed-wing,Small,I,F,F,F,,I,2,Yes,120,178,,,146
C208,C208,CESSNA,Cessna 208 Caravan 1,Cessna 208B,Turboprop,1,A,,,II,1A,79,,,15.88008,,11.46048,4.60248,2.34696,2.34696,3.56616,4110.45405694,3538.02048600,S,Light,245.589186240,Fixed-wing,Small,I,F,F,F,,I,3,Yes,800,447666,,,147
C210,C210,CESSNA,Cessna 210 Centurion,Cessna 210M,Piston,1,A,,,I,1A,85,,,11.21664,,8.59536,2.95656,1.8288,1.8288,2.65176,1723.65100600,1723.65100600,S,Light,144.352743552,Fixed-wing,Small,I,F,F,F,,I,2,Yes,2744,20598,,,148
C212,C212,CASA,CASA Aviocar,CASA C-212 Aviocar,Turboprop,2,A,,,II,1A,81,,,18.98904,,16.1544,6.30936,5.51688,5.51688,3.41376,7700.18407312,8099.79895109,S,Medium,389.579607936,Fixed-wing,Small+,H,F,E,E,,III,5,Yes,36,4230,,,149
C240,C240,CESSNA,Cessna TTx Model T240,Cessna T240 Corvalis TTx,Piston,1,A,,,I,1A,78,,,11.00328,,7.68096,2.7432,2.34696,2.34696,2.49936,1632.93253200,1551.28590540,S,Light,129.339612288,Fixed-wing,Small,I,F,F,F,,I,7,Yes,68,4872,,,150
C25A,C25A,CESSNA,Cessna Citation CJ2,Cessna Citation CJ2+,Jet,2,B,,,II,2A,114,,,15.17904,,14.53896,4.2672,5.42544,5.42544,4.84632,5669.90462500,5227.65206425,S,Light,292.756059648,Fixed-wing,Small,I,F,F,F,,III,7,Yes,284,70808,AAC validated by Flight Standardization Board (FSB) report.,,151
C25B,C25B,CESSNA,Cessna Citation CJ3,Cessna Citation CJ3,Jet,2,B,,,II,2A,108,,,16.24584,,15.60576,4.63296,6.0960,6.0960,4.8768,6291.32617190,5783.30271750,S,Light,330.474693888,Fixed-wing,Small+,I,F,F,F,,III,7,Yes,360,190246,AAC validated by Flight Standardization Board (FSB) report.,,152
C25C,C25C,CESSNA,Cessna Citation CJ4,Cessna Citation CJ4,Jet,2,B,,,II,1B,111,,,15.48384,,16.24584,4.69392,6.46176,6.46176,3.74904,7760.96545070,7103.25651420,S,Medium,329.675727744,Fixed-wing,Small+,H,F,E,E,,III,7,Yes,153,82654,AAC validated by Flight Standardization Board (FSB) report.,,153
C25M,C25M,CESSNA,Cessna Citation M2,Cessna 525 Citation M2,Jet,2,B,,,I,1A,100,,,14.41704,,12.98448,4.23672,4.66344,4.66344,3.9624,4853.43835900,4490.56446300,S,Light,253.077171264,Fixed-wing,Small,I,F,F,F,,III,6,Yes,73,50718,AAC validated by Flight Standardization Board (FSB) report.,,154
C303,C303,CESSNA,Cessna 303 Crusader,Cessna Crusader,Piston,2,A,,,I,2A,90,,,11.8872,,9.26592,4.05384,2.92608,2.92608,4.81584,2336.00070550,1635.20049385,S,Light,161.353999872,Fixed-wing,Small,I,F,F,F,,II,2,Yes,57,1078,,,155
C30J,C30J,LOCKHEED MARTIN,C-130J Super Hercules ; Lockheed,Lockheed Martin C-130J,Turboprop,4,C,,,IV,2A,128,,,40.41648,,34.38144,11.82624,9.57072,10.60704,4.81584,70306.81735000,58967.00810000,2S,Medium,1560.613136832,Fixed-wing,Large,F,D,D,C,,III,,Yes,121,46390,,,156
C310,C310,CESSNA,Cessna 310,Cessna 310R,Piston,2,A,,,I,1A,87,,,11.24712,,9.7536,3.23088,2.80416,2.1336,3.59664,2494.75803500,2494.75803500,S,Light,161.270387136,Fixed-wing,Small,I,F,F,F,,II,4,Yes,1664,33042,,,157
C320,C320,CESSNA,Cessna 320 Skyknight,Cessna 320 Skyknight,Piston,2,A,,,I,1A,68,,,11.24712,,9.7536,3.23088,2.89560,2.89560,3.93192,2263.42592630,2154.56375750,S,Light,161.27967744,Fixed-wing,Small,I,F,F,F,,II,5,Yes,142,340,,,158
C335,C335,CESSNA,Cessna 335,Cessna 335,Piston,2,B,,,I,1A,92,,,11.61288,,10.45464,3.84048,3.0480,3.0480,4.17576,2853.09600730,2717.01829630,S,Light,175.614616512,Fixed-wing,Small,I,F,F,F,,II,4,Yes,30,478,,,159
C340,C340,CESSNA,Cessna 340,Cessna 340A,Piston,2,B,,,I,1A,94,,,11.61288,,13.19784,3.84048,3.13944,3.23088,3.93192,2717.01829630,2717.01829630,S,Light,216.018148608,Fixed-wing,Small,I,F,F,F,,II,4,Yes,718,27342,,,160
C402,C402,CESSNA,Cessna 401/402,Cessna 402B,Piston,2,A,,,I,1A,83,,,13.47216,,11.09472,3.47472,2.68224,3.20040,4.48056,2857.63193100,3107.10773450,S,Light,208.418679936,Fixed-wing,Small,I,F,F,F,,II,3,Yes,253,68146,,,161
C404,C404,CESSNA,Cessna 404 Titan,Cessna 404 Titan,Piston,2,B,,,I,2A,96,,,14.11224,,12.03960,4.05384,3.99288,3.99288,5.30352,3810.17590800,3674.09819700,S,Light,233.00082432,Fixed-wing,Small,I,F,F,F,,II,5,Yes,27,3316,,,162
C414,C414,CESSNA,Cessna Chancellor 414,Cessna 414A,Piston,2,B,,,I,1A,95,,,13.47216,,11.09472,3.50520,1.06680,2.95656,5.30352,3061.74849750,3061.74849750,S,Light,208.418679936,Fixed-wing,Small,I,F,F,F,,II,6,Yes,369,36140,,,163
C421,C421,CESSNA,Cessna Golden Eagle 421,Cessna 421C,Piston,2,B,,,I,2A,96,,,13.47216,,11.09472,3.50520,3.20040,2.95656,5.30352,3379.26315650,3265.86506400,S,Light,208.418679936,Fixed-wing,Small,I,F,F,F,,II,6,Yes,741,27720,,,164
C425,C425,CESSNA,Cessna 425 Corsair,Cessna 425 Corsair,Turboprop,2,B,,,I,2A,98,,,13.47216,,10.91184,3.84048,3.20040,3.20040,6.03504,3900.89438200,3628.73896000,S,Light,205.482943872,Fixed-wing,Small,I,F,F,F,,II,5,Yes,162,17628,,,165
C441,C441,CESSNA,Cessna Conquest,Cessna 441 Conquest,Turboprop,2,B,,,II,1A,98,,,15.02664,,11.8872,4.02336,3.81000,4.23672,4.29768,4467.88484450,4245.62458320,S,Light,242.541966528,Fixed-wing,Small,I,F,F,F,,II,6,Yes,172,29734,,,166
C500,C500,CESSNA,Cessna 500/Citation I,Cessna 500 Citation 1,Jet,2,B,,,I,1A,107,,,14.35608,,13.25880,4.35864,5.42544,5.42544,3.93192,5375.06958450,5148.27339950,S,Light,257.285678976,Fixed-wing,Small,I,F,F,F,,III,6,Yes,83,3382,"According to FSB, If flaps configuration is set for 15 or 20 degrees (not full flaps), AAC is C.",,167
C501,C501,CESSNA,Cessna 1SP,Cessna 501 Citation 1SP,Jet,2,B,,,I,1A,107,,,14.35608,,13.25880,4.35864,5.42544,5.42544,3.93192,5375.06958450,5148.27339950,S,Light,257.285678976,Fixed-wing,Small,I,F,F,F,,III,6,Yes,208,19318,"According to FSB, If flaps configuration is set for 15 or 20 degrees (not full flaps), AAC is C.",,168
C510,C510,CESSNA,Cessna Citation Mustang,Cessna Citation Mustang,Jet,2,B,,,I,1A,105,,,13.16736,,12.37488,4.08432,4.35864,4.35864,3.59664,3921.30603865,3628.73896000,S,Light,225.150517440,Fixed-wing,Small,I,F,F,F,,III,5,Yes,287,50930,AAC validated by Flight Standardization Board (FSB) report.,,169
C525,C525,CESSNA,Cessna CitationJet/CJ1,Cessna Citation CJ1+,Jet,2,B,,,I,1A,108,,,14.29512,,12.98448,4.20624,4.66344,4.66344,3.9624,4853.43835900,4490.56446300,S,Light,251.609303232,Fixed-wing,Small,I,F,F,F,,III,7,Yes,116,147436,AAC validated by Flight Standardization Board (FSB) report.,,170
C526,C526,CESSNA,Cessna 526 CitationJet,Cessna 526 CitationJet,Jet,2,B,,,I,1A,107,,,14.26464,,12.98448,4.20624,4.66344,4.66344,3.9624,4853.43835900,4490.56446300,S,Light,251.051884992,Fixed-wing,Small,I,F,F,F,,III,,No,0,36,,,171
C550,C550,CESSNA,Cessna Citation II/Bravo,Cessna Citation II,Jet,2,B,,,II,2A,105,,,15.75816,,14.41704,4.5720,5.54736,5.63880,5.36448,6849.24478700,6123.49699500,S,Light,299.788819776,Fixed-wing,Small+,I,F,F,F,,III,7,Yes,565,82582,"According to FSB data, If flaps configuration is set for 15 or 20 degrees (not full flaps), AAC is C.",,172
C551,C551,CESSNA,Cessna Citation II/SP,Cessna Citation II/SP,Jet,2,B,,,II,1A,100,,,15.75816,,14.53896,4.5720,5.63880,4.99872,4.05384,6713.16707600,5443.10844000,S,Light,302.083524864,Fixed-wing,Small,I,F,F,F,,III,5,Yes,37,2708,"According to FSB data, If flaps configuration is set for 15 or 20 degrees (not full flaps), AAC is C.",,173
C55B,C55B,CESSNA,Cessna Citation Bravo,Cessna Citation Bravo,Jet,2,B,,,II,1A,117,,,15.91056,,14.53896,4.5720,5.63880,4.99872,4.11480,6713.16707600,6123.49699500,S,Light,302.083524864,Fixed-wing,Small+,I,F,F,F,,III,7,Yes,95,32088,,45491,174
C560,C560,CESSNA,Cessna Citation V/Ultra/Encore,Cessna Citation V,Jet,2,B,,,II,2A,103,,,16.48968,,14.90472,4.5720,6.12648,6.06552,5.36448,7393.55563100,6894.60402400,S,Medium,320.98000320,Fixed-wing,Small+,H,F,E,E,,III,8,Yes,584,187112,"According to FSB data, If flaps configuration is set for 15 or 20 degrees (not full flaps), AAC is C.",,175
C56X,C56X,CESSNA,Cessna Excel/XLS,Cessna Citation XLS+,Jet,2,B,,,II,1B,116,,,17.16024,,15.78864,5.24256,6.67512,6.67512,4.54152,9162.56587400,8482.17731900,S,Medium,349.956461376,Fixed-wing,Small+,H,F,E,E,,III,7,Yes,636,336338,"According to FSB data, If flaps configuration is set for 15 or 20 degrees (not full flaps), AAC is C.",,176
C650,C650,CESSNA,Cessna III/VI/VII,Cessna Citation VII,Jet,2,C,,,II,1B,126,,,16.30680,,16.91640,5.12064,6.49224,6.49224,2.86512,10432.62451000,7711.07029000,D,Medium,356.914899072,Fixed-wing,Small+,H,F,E,E,,III,8,Yes,214,44220,,,177
C680,C680,CESSNA,Cessna Citation Sovereign,Cessna Citation Sovereign,Jet,2,B,,,II,1B,108,,,19.23288,,19.35480,6.18744,8.41248,8.41248,3.0480,13743.84881100,12292.35322700,D,Medium,465.202682496,Fixed-wing,Small+,H,F,E,E,,III,6,Yes,296,132040,AAC validated by Flight Standardization Board (FSB) report.,,178
C68A,C68A,CESSNA,Cessna Citation Latitude,Cessna 680A Citation Latitude,Jet,2,B,,,II,1B,100,,,22.03704,,18.98904,6.37032,8.2296,8.2296,3.0480,13970.64499600,12507.80960275,D,Medium,514.394842176,Fixed-wing,Small+,H,F,E,E,,III,6,Yes,194,272492,AAC validated by Flight Standardization Board (FSB) report.,,179
C700,C700,CESSNA,Cessna Citation Longitude,Cessna Citation Longitude,Jet,2,C,,,II,1B,121,,,21.00072,,22.31136,5.91312,9.63168,9.63168,2.95656,17916.89861500,15195.34439500,D,Medium,573.137434368,Fixed-wing,Small+,H,F,E,E,,III,7,Yes,33,69270,AAC validated by Flight Standardization Board (FSB) report.,,180
C72R,C72R,CESSNA,Cessna 172RG Cutlass RG,Cessna 172RG Cutlass RG,Piston,1,A,,,I,1A,62,,,11.00328,,8.29056,2.71272,1.64592,1.76784,2.56032,1111.30130650,1111.30130650,S,Light,137.905272576,Fixed-wing,Small,I,F,F,F,,I,1,Yes,467,2946,,,181
C750,C750,CESSNA,Cessna Citation X,Cessna Citation X,Jet,2,C,,,II,1B,131,,,19.38528,,22.03704,5.88264,8.74776,8.74776,3.23088,16374.68455700,14424.23736600,D,Medium,528.757652160,Fixed-wing,Small+,H,F,E,E,,III,9,Yes,284,116294,AAC validated by Flight Standardization Board (FSB) report.,,182
C77R,C77R,CESSNA,Cessna 177 Cardinal RG,Cessna 177RG Cardinal RG,Piston,1,A,,,I,1A,65,,,10.82040,,8.32104,2.62128,2.31648,2.31648,2.56032,1270.05863600,1270.05863600,S,Light,136.325920896,Fixed-wing,Small,I,F,F,F,,I,2,Yes,798,4358,,,183
C82R,C82R,CESSNA,Cessna Skylane RG,Cessna R182 Skylane RG,Piston,1,A,,,I,1A,64,,,10.9728,,8.8392,2.83464,1.70688,1.70688,2.7432,1406.13634700,1338.09749150,S,Light,145.30035456,Fixed-wing,Small,I,F,F,F,,I,2,Yes,719,9232,,,184
CH7A,CH7A,AERONCA,Aeronca 7AC,Citabria Aurora 7ECA,Piston,1,A,,,I,1A,56,,,10.21080,,6.73608,2.34696,4.84632,4.84632,1.92024,553.38269140,553.38269140,S,Light,109.523393856,Fixed-wing,Small,I,F,F,F,,I,1,Yes,2133,16,,,185
CH7B,CH7B,BELLANCA,Bellanca 7GCBC Citabria,Bellanca Citabria Adventure 7GCAA,Piston,1,A,,,I,1B,56,,,10.21080,,6.73608,2.31648,7.68096,7.68096,2.1336,816.46626600,816.46626600,S,Light,109.43978112,Fixed-wing,Small,I,F,F,F,,I,1,Yes,478,82,,,186
CL30,CL30,BOMBARDIER,Bombardier (Canadair) Challenger 300,Bombardier Challenger 300,Jet,2,C,,,II,1B,126,,,19.44624,,20.97024,6.18744,8.47344,8.47344,3.84048,17622.06357450,15308.74248750,D,Medium,505.85705280,Fixed-wing,Small+,H,F,E,E,,III,7,Yes,482,156284,AAC validated by Flight Standardization Board (FSB) report.,,187
CL35,CL35,BOMBARDIER,Bombardier Challenger 350,Bombardier Challenger 350,Jet,2,C,,,II,1B,124,,,21.00072,,20.90928,6.0960,7.55904,7.55904,3.90144,18415.85022200,15490.17943550,D,Medium,539.48795328,Fixed-wing,Small+,H,F,E,E,,III,7,Yes,200,239598,AAC validated by Flight Standardization Board (FSB) report.,,188
CL41,CL41,CANADAIR,Canadair 41 Tutor,Canadair CL-41 Tutor,Jet,1,,,,I,1A,,,,11.12520,,9.7536,2.86512,3.81000,3.81000,4.35864,3532.12378519,,S,Light,159.839680320,Fixed-wing,Small,I,F,F,F,,III,,Yes,1,94,,,189
CL60,CL60,CANADAIR,Canadair Challenger 600/601/604,Canadair Challenger 604,Jet,2,C,,,II,1B,137,,,19.59864,,20.84832,6.30936,7.98576,7.98576,3.9624,21590.99681200,17236.51006000,D,Medium,506.999760192,Fixed-wing,Large,G,E,D,D,,III,8,Yes,630,166892,AAC validated by Flight Standardization Board (FSB) report.,,190
CN35,CN35,CASA,CASA CN-235,CASA CN-235,Turboprop,2,B,,,III,1B,110,,,25.81656,,19.65960,8.16864,6.82752,7.0104,4.32816,16499.87605112,16499.87605112,2S,Medium,611.459938368,Fixed-wing,Small+,H,F,E,E,,III,,Yes,1,4484,AAC validated by Flight Standardization Board (FSB) report.,,191
COL3,COL3,LANCAIR-CESSNA,Lancair LC-40 Columbia 300,Cessna 350 Corvalis,Piston,1,A,,,I,1A,78,,,11.00328,,7.68096,2.7432,2.07264,2.07264,2.59080,1542.21405800,1465.10335510,S,Light,129.153806208,Fixed-wing,Small,I,F,F,F,,I,6,Yes,76,5232,,,192
COL4,COL4,LANCAIR-CESSNA,Lancair LC-41 Columbia 400,Cessna 400 Corvalis TT,Piston,1,A,,,I,1A,78,,,11.00328,,7.68096,2.7432,2.07264,2.07264,2.59080,1542.21405800,1465.10335510,S,Light,129.153806208,Fixed-wing,Small,I,F,F,F,,I,6,Yes,469,13948,,,193
COUR,COUR,HELIO,HELIO U-10 Super Courier,HELIO H-295 Super Courier,Piston,1,,,,I,1B,,,,11.8872,,9.4488,4.48056,7.13232,7.13232,2.89560,1542.21405800,1542.21405800,S,Light,163.88096256,Fixed-wing,Small,I,F,F,F,,I,1,Yes,3,140,,,194
CRJ1,CRJ1,CANADAIR,canadair CRJ-100,Canadair CRJ-100,Jet,2,D,,,II,1B,141,,,21.21408,,26.76144,6.30936,8.74776,8.74776,4.48056,21522.95795650,21318.84139000,D,Medium,686.265466176,Fixed-wing,Large,G,E,D,D,,III,7,Yes,16,882,AAC validated by Flight Standardization Board (FSB) report.,,195
CRJ2,CRJ2,CANADAIR,canadair CRJ-200,Canadair CRJ-200,Jet,2,D,,,II,1B,141,,,20.93976,,26.76144,6.33984,11.39952,11.39952,4.05384,21522.95795650,20275.57893900,D,Medium,678.461610816,Fixed-wing,Large,G,E,D,D,,III,7,Yes,511,431708,AAC validated by Flight Standardization Board (FSB) report.,,196
CRJ7,CRJ7,CANADAIR,canadair CRJ-700,Bombardier CRJ-700,Jet,2,C,,,II,2B,135,,,23.25624,,32.49168,7.55904,15.02664,15.02664,4.99872,34019.42775000,30390.68879000,D,Medium,894.201050304,Fixed-wing,Large,G,E,D,D,,III,7,Yes,249,530792,AAC validated by Flight Standardization Board (FSB) report.,,197
CRJ9,CRJ9,CANADAIR,canadair CRJ-900,Canadair CRJ-900,Jet,2,D,C,D,III,2B,141,132,141,24.84120,,36.21024,7.34568,17.31264,17.31264,4.99872,36514.18578500,33339.03919500,D,Medium,1052.981635968,Fixed-wing,Large,G,E,D,D,,III,8,Yes,306,906392,"Long Range version has an increased MALW, such that CRJ9 approach Category falls into D. AAC validated by Flight Standardization Board (FSB) report.",,198
CRUZ,CRUZ,CZAW,CZAW SportCruiser,CZAW SportCruiser,Piston,1,A,,,I,1A,39,,,8.77824,,6.49224,2.31648,1.55448,1.55448,2.25552,598.74192840,598.74192840,S,Light,94.798262016,Fixed-wing,Small,I,F,F,F,,I,1,Yes,214,370,,,199
CVLP,CVLP,CONVAIR,Convair CV-440 Metropolitan,Convair CV-240 Convairliner,Piston,2,B,,,III,3,107,,,27.98064,,24.14016,8.50392,7.77240,7.98576,8.56488,18955.62514230,18052.97632600,D,Medium,796.327697664,Fixed-wing,Large,F,D,D,C,,III,7,Yes,11,710,,,200
CVLT,CVLT,CONVAIR-CANADAIR,"Convair CV-580/600/640, C-131H",Canadair CL-66,Turboprop,2,B,,,III,3,107,,,32.09544,,29.19984,8.90016,7.68096,7.98576,7.34568,26535.15364500,23586.80324000,D,Medium,1079.737711488,Fixed-wing,Large,F,D,D,C,,III,7,Yes,2,4566,,,201
D328,D328,DORNIER,Dornier 328 Series,Dornier 328,Turboprop,2,B,,,II,1B,110,,,20.97024,,21.27504,7.07136,7.6200,7.6200,4.54152,13990.14946791,14390.21793825,D,Medium,547.802775360,Fixed-wing,Small+,H,F,E,E,,III,7,Yes,46,9036,AAC validated by Flight Standardization Board (FSB) report.,,202
DA40,DA40,DIAMOND,Diamond Star DA40,Diamond DA40 NG,Piston,1,A,,,I,1A,77,,,11.94816,,8.01624,1.98120,1.76784,1.76784,3.0480,1309.97476456,1091.79683459,S,Light,142.838424000,Fixed-wing,Small,I,F,F,F,,I,4,Yes,820,57272,,,203
DA42,DA42,DIAMOND,Diamond Twin Star,Diamond DA42 Twin Star,Piston,2,A,,,I,1A,88,,,13.56360,,8.56488,2.49936,1.49352,1.49352,3.0480,1784.88597595,1700.06420276,S,Light,167.50418112,Fixed-wing,Small,I,F,F,F,,II,4,Yes,203,9892,,,204
DC10,DC10,BOEING-MCDONNELL DOUGLAS,Boeing (Douglas) DC 10-10/30/40,McDonnell Douglas DC10-30,Jet,3,D,,,IV,5,149,,,50.38344,,55.35168,17.70888,22.06752,29.04744,13.16736,263083.57460000,197766.27332000,2D/D1,Heavy,3038.95134144,Fixed-wing,Heavy,C,C,C,B,,III,9,Yes,76,3906,,,205
DC3,DC3,DOUGLAS,Douglas DC 3,Douglas DC-3,Piston,2,B,,,III,3,97,,,29.01696,,19.72056,5.15112,11.06424,11.06424,6.12648,11430.52772400,11067.65382800,S,Medium,680.663412864,Fixed-wing,Small+,H,F,E,E,,III,8,Yes,175,394,AAC validated by Flight Standardization Board (FSB) report.,,206
DC3S,DC3S,DOUGLAS,Douglas Super DC-3,Douglas R4D-8,Piston,2,B,,,III,3,97,,,27.4320,,20.66544,5.09016,11.06424,11.06424,6.12648,11430.52772400,11067.65382800,S,Medium,676.33413120,Fixed-wing,Small+,H,F,E,E,,III,8,Yes,7,0,AAC validated by Flight Standardization Board (FSB) report.,,207
DC3T,DC3T,DOUGLAS/BASLER,"Basler, BT-67 Turbo 67",,Turboprop,2,B,,,II,3,95,,,28.9560,,20.66544,5.12064,11.64336,5.1816,6.24840,13040.78063750,11793.40162000,S,Medium,709.22180736,Fixed-wing,Large,H,F,E,E,,III,5,Yes,,2140,Referenced Basler BT-67 brochure. Approach speed data is estimated.,45517,208
DC6,DC6,DOUGLAS,Douglas DC 6,Douglas DC-6,Piston,4,B,,,III,3,108,,,35.81400,,30.66288,8.65632,9.38784,9.38784,8.68680,48534.38359000,40006.84703400,D,Medium,1250.84653056,Fixed-wing,Large,F,D,D,C,,III,7,Yes,30,1644,,,209
DC87,DC87,DOUGLAS,Douglas DC-8-70,Douglas DC8-72CF,Jet,4,D,,,IV,4,143,,,45.23232,,57.21096,13.19784,18.53184,26.06040,7.58952,151998.80318700,113393.55657630,2D,Heavy,2836.32981120,Fixed-wing,Heavy,D,C,G,G,,III,9,Yes,6,250,,,210
DC91,DC91,DOUGLAS,Douglas DC 9-10,Douglas DC-9-10,Jet,2,C,,,III,2B,132,,,27.24912,,31.82112,8.41248,14.44752,14.44752,5.42544,41140.82795900,37058.49662900,D,Medium,1010.264818176,Fixed-wing,Large,G,E,D,D,,III,8,Yes,14,2968,AAC validated by Flight Standardization Board (FSB) report.,,211
DC93,DC93,DOUGLAS,Douglas DC 9-30,Douglas C9-B,Jet,2,C,,,III,2B,132,,,28.43784,,36.36264,8.47344,16.21536,16.21536,5.60832,48987.97596000,44905.64463000,D,Medium,1192.893614208,Fixed-wing,Large,F,D,D,C,,III,8,Yes,12,3846,AAC validated by Flight Standardization Board (FSB) report.,,212
DC95,DC95,DOUGLAS,Douglas DC 9-50,Douglas DC-9-50,Jet,2,C,,,III,2B,135,,,28.46832,,40.72128,8.77824,13.31976,13.31976,5.54736,54884.67677000,49895.16070000,D,Medium,1330.575919488,Fixed-wing,Large,F,D,D,C,,III,8,Yes,1,0,AAC validated by Flight Standardization Board (FSB) report.,,213
DH8A,DH8A,DEHAVILLAND CANADA,DeHavilland Canada DHC8-100,DeHavilland Canada DHC-8 100,Turboprop,2,B,,,III,3,92,,,25.9080,,22.2504,7.49808,7.95528,7.95528,8.56488,15648.93676500,15376.78134300,D,Medium,688.41152640,Fixed-wing,Large,G,E,D,D,,III,4,Yes,22,33064,AAC validated by Flight Standardization Board (FSB) report.,,214
DH8B,DH8B,DEHAVILLAND CANADA,DeHavilland Canada DHC8-200,DeHavilland Canada DHC-8 200,Turboprop,2,B,,,III,3,92,,,25.9080,,22.2504,7.49808,7.95528,7.95528,8.56488,16465.40303100,15648.93676500,D,Medium,688.41152640,Fixed-wing,Large,G,E,D,D,,III,4,Yes,36,918,AAC validated by Flight Standardization Board (FSB) report.,,215
DH8C,DH8C,DEHAVILLAND CANADA,DeHavilland Canada Dash 8/DHC8-300,DeHavilland Canada DHC-8 300,Turboprop,2,B,,,III,3,99,,,27.4320,,25.69464,7.49808,10.21080,10.21080,8.56488,18642.64640700,19050.87954000,D,Medium,829.15963200,Fixed-wing,Large,G,E,D,D,,III,5,Yes,26,7352,AAC validated by Flight Standardization Board (FSB) report.,,216
DH8D,DH8D,DEHAVILLAND CANADA,DeHavilland Canada 8/DHC8-400,DeHavilland Canada Dash-8 Q400,Turboprop,2,C,,,III,5,125,,,28.43784,,32.85744,8.35152,13.95984,13.95984,9.57072,29256.70786500,28009.32884750,D,Medium,1081.521449856,Fixed-wing,Large,F,D,D,C,,III,6,Yes,56,50602,AAC validated by Flight Standardization Board (FSB) report.,,217
DHC2,DHC2,DEHAVILLAND CANADA,DeHavilland Canada 2 Mk1 Beaver,DeHavilland Canada DHC-2 Beaver,Piston,1,A,,,I,1B,51,,,14.6304,,9.23544,2.7432,6.76656,6.76656,3.23088,2313.32108700,,S,Light,189.940265280,Fixed-wing,Small,I,F,F,F,,I,2,Yes,228,96,,,218
DHC6,DHC6,DEHAVILLAND CANADA,DeHavilland Canada Twin Otter,DeHavilland Canada DHC-6 Twin Otter,Turboprop,2,A,,,II,1A,74,,,19.8120,,15.78864,5.88264,3.71856,4.54152,4.54152,5669.90462500,5579.18615100,S,Light,395.423209152,Fixed-wing,Small,H,F,F,F,,II,4,Yes,131,13326,AAC validated by Flight Standardization Board (FSB) report.,,219
DHC7,DHC7,DEHAVILLAND CANADA,DeHavilland Canada DHC-7,DeHavilland Canada DHC-7 Dash 7,Turboprop,4,A,,,III,3,83,,,28.3464,,24.53640,7.98576,7.95528,8.5344,8.56488,19958.06428000,19050.87954000,D,Medium,818.150621760,Fixed-wing,Large,F,D,D,C,,III,2,Yes,8,2932,,,220
DV20,DV20,DIAMOND,Diamond 20 Katana,Diamond DV-20 Katana,Piston,1,A,,,I,1A,59,,,10.88136,,7.16280,2.19456,1.67640,1.67640,2.04216,729.83012333,729.83012333,S,Light,121.006209600,Fixed-wing,Small,I,F,F,F,,I,2,Yes,327,1994,,,221
E110,E110,EMBRAER,Embraer EMB110 Bandeirante,Embraer EMB-110 Bandeirante,Turboprop,2,B,,,II,2A,92,,,15.33144,,15.33144,4.93776,5.1816,5.1816,5.1816,5901.23673370,5699.84172142,S,Light,309.720154752,Fixed-wing,Small+,I,F,F,F,,III,7,Yes,14,1584,,,222
E120,E120,EMBRAER,Embraer Brasilia EMB 120,Embraer EMB-120,Turboprop,2,B,,,II,3,113,,,19.78152,,20.02536,6.52272,6.97992,6.97992,7.16280,11989.80711621,11699.96159178,D,Medium,491.837984064,Fixed-wing,Small+,H,F,E,E,,III,7,Yes,50,35756,,,223
E135,E135,EMBRAER,Embraer ERJ 135/140/Legacy,Embraer EMB-135LR,Jet,2,C,,,II,2B,124,,,20.05584,,28.46832,6.76656,12.43584,12.43584,4.78536,20199.82901321,18699.79904562,D,Medium,692.620034112,Fixed-wing,Large,G,E,D,D,,III,7,Yes,165,78686,,,224
E145,E145,EMBRAER,Embraer ERJ-145,Embraer EMB-145LR,Jet,2,C,,,II,2B,124,,,20.05584,,29.8704,6.76656,14.44752,14.44752,4.78536,22000.13712974,18699.79904562,D,Medium,724.857388992,Fixed-wing,Large,G,E,D,D,,III,7,Yes,379,446494,,,225
E170,E170,EMBRAER,Embraer 170,Embraer ERJ 170-100 IGW,Jet,2,C,,,III,3,124,,,,25.99944,29.90088,9.84504,10.30224,11.82624,6.24840,38599.80350226,33299.57665881,D,Medium,912.633013440,Fixed-wing,Large,G,E,D,D,,III,7,Yes,663,573944,AAC validated by Flight Standardization Board (FSB) report.,,226
E190,E190,EMBRAER,Embraer 190,Embraer ERJ 190-100 IGW,Jet,2,C,,,III,3,124,,,,28.71216,36.24072,10.54608,12.4968,14.0208,6.97992,50299.76509404,43000.10308363,D,Medium,1199.610504000,Fixed-wing,Large,F,D,D,C,,III,7,Yes,126,182240,AAC validated by Flight Standardization Board (FSB) report.,,227
E195,E195,EMBRAER,Embraer 195,Embraer ERJ 190-200 IGW,Jet,2,C,,,III,3,135,,,,28.71216,38.64864,10.27176,14.6304,15.91056,7.25424,52290.12841360,45800.12878364,D,Medium,1275.893190144,Fixed-wing,Large,F,D,D,C,,III,,Yes,3,16782,AAC validated by Flight Standardization Board (FSB) report.,,228
E290,E290,EMBRAER,Embraer 190-E2,Embraer ERJ 190-300,Jet,2,C,,,III,3,125,,,33.71088,,36.21024,11.00328,12.10056,15.02664,6.82752,56399.67528580,49049.66452232,D,Medium,1386.271291968,Fixed-wing,Large,F,D,D,C,,III,,No,0,8,AAC validated by Flight Standardization Board (FSB) report.,,229
E295,E295,EMBRAER,Embraer 195-E2,Embraer ERJ-190-400,Jet,2,C,,,III,3,136,,,35.11296,,41.51376,10.91184,14.6304,15.91056,7.25424,61500.32148645,53999.71805613,D,Medium,1641.252975552,Fixed-wing,Large,F,D,,,,III,,No,0,1144,,,230
E35L,E35L,EMBRAER,Embraer 135BJ Legacy 600,Embraer EMB-135BJ Legacy 600,Jet,2,C,,,II,2B,124,,,,21.09216,26.33472,6.76656,12.43584,12.43584,4.78536,19999.79477804,18499.76481045,D,Medium,643.334971392,Fixed-wing,Large,G,E,D,D,,III,7,Yes,62,19204,,,231
E45X,E45X,EMBRAER,Embraer ERJ 145 XR,Embraer EMB-145XR,Jet,2,C,,,II,2B,124,,,,19.99488,29.8704,6.76656,14.44752,14.44752,4.78536,24099.81621047,19999.79477804,D,Medium,755.153070336,Fixed-wing,Large,G,E,D,D,,III,7,Yes,109,890,,,232
E50P,E50P,EMBRAER,Embraer 500 Phenom 100,Embraer EMB-500 Phenom 100,Jet,2,B,,,I,1A,100,,,12.28344,,12.83208,4.35864,5.12064,5.12064,3.0480,4799.91445934,4429.78308542,S,Light,220.170914496,Fixed-wing,Small,I,F,F,F,,III,7,Yes,210,49670,AAC validated by Flight Standardization Board (FSB) report.,,233
E545,E545,EMBRAER,Embraer EMB-545 Legacy 450,Embraer EMB-545 Legacy 450,Jet,2,B,,,II,1B,111,,,,20.23872,19.69008,6.43128,8.71728,8.71728,2.01168,16204.13382588,14749.91668766,D,Medium,493.993334592,Fixed-wing,Small+,H,F,E,E,,III,6,Yes,65,76830,AAC validated by Flight Standardization Board (FSB) report.,,234
E550,E550,EMBRAER,Legacy 500/Praetor 600,Embraer EMB-550 Legacy 500,Jet,2,B,,,II,1B,113,,,,20.26920,20.7264,6.43128,7.74192,7.71144,2.07264,17399.80331320,15659.82298188,D,Medium,518.817026880,Fixed-wing,Small+,H,F,E,E,,III,6,Yes,77,36374,AAC validated by Flight Standardization Board (FSB) report.,,235
E55P,E55P,EMBRAER,Embraer Phenom 300,Embraer EMB-505 Phenom 300,Jet,2,B,,,II,1B,116,,,,15.91056,15.63624,5.12064,6.24840,6.24840,3.0480,8150.14770416,7568.18869345,S,Medium,325.355736384,Fixed-wing,Small+,H,F,E,E,,III,6,Yes,450,349746,AAC validated by Flight Standardization Board (FSB) report.,,236
E75L,E75L,EMBRAER,Embraer 175 long wing,Embraer ERJ 170-200 IGW EWT,Jet,2,C,,,III,3,126,,,,30.99816,32.3088,9.87552,11.39952,11.79576,9.02208,38789.85870529,33999.92327809,D,Medium,1151.876922048,Fixed-wing,Large,G,E,D,D,,III,6,Yes,509,1262322,AAC validated by Flight Standardization Board (FSB) report.,,237
E75S,E75S,EMBRAER,Embraer 175 short wing,Embraer ERJ 170-200 IGW,Jet,2,C,,,III,1B,124,,,,28.71216,31.66872,9.87552,11.39952,11.79576,4.51104,37499.84200501,33999.92327809,D,Medium,1054.207956096,Fixed-wing,Large,G,E,D,D,,III,6,Yes,76,349252,AAC validated by Flight Standardization Board (FSB) report.,,238
EA50,EA50,ECLIPSE,Eclipse 500,Eclipse EA500,Jet,2,B,,,I,1A,91,,,11.36904,,10.08888,3.3528,4.2672,4.32816,3.32232,2698.87460150,2456.20268355,S,Light,167.169730176,Fixed-wing,Small,I,F,F,F,,III,4,Yes,252,31458,AAC validated by Flight Standardization Board (FSB) report.,,239
ERCO,ERCO,ERCO,Ercoupe 415,Erco Ercoupe 415-C,Piston,1,A,,,I,1A,55,,,9.1440,,6.33984,1.79832,1.58496,1.58496,2.89560,571.52638620,571.52638620,S,Light,95.69013120,Fixed-wing,Small,I,F,F,F,,I,2,Yes,1048,20,,,240
EVOT,EVOT,LANCAIR,Lancair Evolution Turbine,Lancair Evolution Turbine,Turboprop,1,A,,,I,2A,79,,,11.2776,,9.1440,3.0480,3.13944,3.13944,4.81584,2063.84528350,1905.08795400,S,Light,152.82550080,Fixed-wing,Small,I,F,F,F,,I,,Yes,51,3758,,,241
F15,F15,BOEING-MCDONNELL DOUGLAS,Boeing F-15 Eagle,McDonnell Douglas F-15E,Jet,2,E,,,I,1B,192,,,13.04544,,19.44624,5.63880,5.27304,6.55320,3.29184,36739.99994251895,,S,Medium,337.479583104,Fixed-wing,Large,G,E,D,D,,III,,Yes,249,35622,,,242
F16,F16,LOCKHEED-GENERAL DYNAMICS,Lockheed F-16 Fighting Falcon,General Dynamics F-16C,Jet,1,D,,,I,1A,160,,,9.96696,,15.05712,4.8768,3.93192,4.84632,2.65176,19186.95725100,,S,Medium,215.730149184,Fixed-wing,Large,G,E,D,D,,III,,Yes,1017,64560,,,243
F18H,F18H,BOEING-MCDONNELL DOUGLAS,F/A 18 Hornet,Boeing F/A-18C/D Hornet,Jet,2,C,,,I,1B,134,,,12.31392,,17.0688,4.69392,5.36448,6.30936,3.56616,25401.17272000,,S,Medium,285.621106176,Fixed-wing,Large,G,E,D,D,,III,,Yes,273,14548,,,244
F18S,F18S,BOEING-MCDONNELL DOUGLAS,FA-18E/F Super Hornet,Boeing F/A-18E/F Super Hornet,Jet,2,C,,,I,1B,134,,,13.62456,,18.31848,4.8768,5.36448,6.30936,3.56616,29937.09642000,,S,Medium,330.82772544,Fixed-wing,Large,G,E,D,D,,III,,Yes,572,73358,,,245
F22,F22,LOCKHEED,Lockheed Martin L-645 Raptor,Lockheed Martin F-22 Raptor,Jet,2,D,,,I,1B,145,,,13.56360,,18.92808,5.09016,6.21792,7.86384,3.50520,37874.96289500,,S,Medium,339.74641728,Fixed-wing,Large,G,E,D,D,,III,,Yes,183,21488,,,246
F2TH,F2TH,DASSAULT,Dassault Falcon 2000,Dassault Falcon 2000EX,Jet,2,C,,,II,2A,130,,,19.32432,,20.20824,7.07136,7.40664,7.6200,5.05968,19232.31648800,17826.18014100,D,Medium,486.561091392,Fixed-wing,Small+,H,F,E,E,,III,8,Yes,443,135542,"According to FSB data, If flaps are not down (not flaps), AAC is D.",,247
F406,F406,REIMS-CESSNA,Reims-Cessna F406 Caravan II,Cessna 406,Turboprop,2,B,,,II,1A,103,,,15.08760,,11.8872,4.02336,3.81000,3.81000,4.41960,4467.88484450,4246.07817557,S,Light,243.22015872,Fixed-wing,Small,I,F,F,F,,II,6,Yes,4,312,,,248
F900,F900,DASSAULT,Dassault Falcon 900,Dassault Falcon 900EX,Jet,3,C,,,II,2A,130,,,19.32432,,20.20824,7.55904,7.89432,7.9248,5.05968,22226.02613000,20184.86046500,D,Medium,486.53322048,Fixed-wing,Large,G,E,D,D,,III,8,Yes,386,91444,"According to FSB data, If flaps are not down (not flaps), AAC is D.",,249
FA10,FA10,DASSAULT,Dassault Falcon/Mystère 10,Dassault Falcon 10,Jet,2,B,,,I,1A,107,,,13.07592,,13.86840,4.60248,5.76072,5.76072,1.64592,8500.32101380,8001.36940680,D,Medium,248.181181056,Fixed-wing,Small+,H,F,E,E,,III,8,Yes,86,5766,,,250
FA20,FA20,DASSAULT,Dassault Falcon/Mystère 20,Dassault Falcon 20,Jet,2,B,,,II,1B,107,,,16.30680,,17.16024,5.36448,5.69976,6.82752,4.23672,12999.95732420,12392.14354840,D,Medium,361.337083776,Fixed-wing,Small+,H,F,E,E,,III,7,Yes,58,20446,,,251
FA50,FA50,DASSAULT,Dassault Falcon/Mystère 50,Dassault Falcon 50EX,Jet,3,C,,,II,2A,124,,,18.86712,,18.53184,6.97992,7.22376,7.80288,4.90728,18007.61708900,16200.05149455,D,Medium,439.199121600,Fixed-wing,Small+,H,F,E,E,,III,8,Yes,241,48666,AAC validated by Flight Standardization Board (FSB) report.,,252
FA7X,FA7X,DASSAULT,Dassault Falcon 7X,Dassault Falcon 7X,Jet,3,B,,,III,2A,104,,,26.2128,,23.19528,7.83336,10.27176,10.27176,5.24256,31751.46590000,28304.16388800,D,Medium,723.129392448,Fixed-wing,Large,G,E,D,D,,III,4,Yes,135,33420,AAC validated by Flight Standardization Board (FSB) report.,,253
FA8X,FA8X,DASSAULT,Dassault Falcon 8X,Dassault Falcon 8X,Jet,3,B,,,III,2A,106,,,26.30424,,24.44496,7.95528,10.27176,10.51560,5.24256,33112.24301000,28304.16388800,D,Medium,761.851379520,Fixed-wing,Large,G,E,D,D,,III,,No,0,5024,AAC validated by Flight Standardization Board (FSB) report.,,254
FDCT,FDCT,FLIGHT DESIGN,Flight Design CT,Flight Design CT,Piston,1,A,,,I,1A,51,,,8.56488,,6.61416,2.34696,1.43256,1.43256,1.88976,598.74192840,598.74192840,S,Light,94.510262592,Fixed-wing,Small,I,F,F,F,,I,1,Yes,352,44,,,255
G150,G150,GULFSTREAM AEROSPACE,Gulfstream G150,Gulfstream G150,Jet,2,C,,,II,1B,130,,,16.94688,,17.31264,5.82168,7.34568,7.34568,3.38328,11838.76085700,9842.95442900,D,Medium,376.238731392,Fixed-wing,Small+,H,F,E,E,,III,4,Yes,25,24612,AAC validated by Flight Standardization Board (FSB) report.,,256
G164,G164,GRUMMAN AMERICAN,Grumman American G164,Grumman G-164 (Super) Ag-Cat,Piston,1,A,,,I,1A,79,,,12.89304,,7.89432,3.68808,5.30352,5.30352,2.65176,2755.57364775,2755.57364775,S,Light,150.140602944,Fixed-wing,Small,I,F,F,F,,I,1,Yes,618,0,,,257
G280,G280,GULFSTREAM AEROSPACE,Gulfstream G280,Gulfstream G280,Jet,2,C,,,II,1B,125,,,19.2024,,20.36064,6.49224,9.17448,9.17448,3.84048,17962.25785200,14832.47049900,D,Medium,487.164961152,Fixed-wing,Small+,H,F,E,E,,III,,Yes,199,77560,AAC validated by Flight Standardization Board (FSB) report.,,258
GA5C,GA5C,GULFSTREAM AEROSPACE,Gulfstream Aerospace Gulfstream G7-G500,Gulfstream G500 (G-7),Jet,2,C,,,III,2B,132,,,,26.316432,27.788616,7.77240,13.7160,13.16736,5.24256,36105.95265200,29188.66900950,D,Medium,867.80729664,Fixed-wing,Large,F,D,D,C,,III,7,Yes,111,26102,AAC validated by Flight Standardization Board (FSB) report. Moved the wingspan to winglet column.,45491,259
GA6C,GA6C,GULFSTREAM AEROSPACE,Gulfstream Aerospace Gulfstream G7-G600,Gulfstream G600 (G-7),Jet,2,C,,,III,2B,129,,,,28.703016,29.29128,7.71144,13.7160,13.35024,5.257800,42909.83820200,34835.89401600,D,Medium,986.044995648,Fixed-wing,Large,F,D,D,C,,III,7,Yes,85,25472,AAC validated by Flight Standardization Board (FSB) report. Moved the wingspan to winglet column.,45517,260
GA7,GA7,GULFSTREAM AMERICAN - GRUMMAN AMERICAN,Gulfstream American GA7,Grumman American GA-7 Cougar,Piston,2,A,,,I,1A,82,,,11.21664,,8.74776,3.13944,1.88976,1.88976,3.53568,1723.65100600,1723.65100600,S,Light,146.489513472,Fixed-wing,Small,I,F,F,F,,II,1,Yes,42,628,,,261
GALX,GALX,GULFSTREAM AEROSPACE-IAI,IAI 1126 Galaxy/Gulfstream G200,IAI 1126 Galaxy,Jet,2,C,,,II,1B,130,,,17.70888,,18.98904,6.52272,7.40664,7.40664,3.6576,16170.56799050,13607.77110000,D,Medium,425.365858944,Fixed-wing,Small+,H,F,E,E,,III,5,Yes,131,40230,AAC validated by Flight Standardization Board (FSB) report.,,262
GC1,GC1,GLOBE,Globe GC-1 Swift,Globe GC-1 Swift,Piston,1,A,,,I,1A,48,,,8.93064,,6.33984,1.88976,3.84048,3.84048,3.20040,895.84493075,895.84493075,S,Light,94.194392256,Fixed-wing,Small,I,F,F,F,,I,2,Yes,539,66,,,263
GL5T,GL5T,BOMBARDIER,Bombardier BD-700 Global 5000,Bombardier Global 5000,Jet,2,C,,,III,2B,128,,,28.6512,,29.50464,7.77240,14.75232,12.77112,4.8768,41957.29422500,35652.36028200,D,Medium,983.908225728,Fixed-wing,Large,F,D,D,C,,III,7,Yes,121,38454,AAC validated by Flight Standardization Board (FSB) report.,,264
GL7T,GL7T,BOMBARDIER,Bombardier BD-700 Global 7500,Bombardier Global 7500,Jet,2,B,,,III,2B,125,,,31.79064,,33.71088,8.13816,13.47216,14.59992,4.8768,48194.18931250,38917.77175363,D,Medium,1227.648641472,Fixed-wing,Large,F,D,D,C,,III,7,Yes,42,17414,AAC validated by Flight Standardization Board (FSB) report.,45571,265
GLEX,GLEX,BOMBARDIER,Bombardier BD-700 Global Express,Bombardier Global 6000,Jet,2,C,,,III,2B,131,,,28.6512,,30.29712,7.77240,15.14856,15.14856,4.8768,45132.44081500,35652.36028200,D,Medium,1008.861982272,Fixed-wing,Large,F,D,D,C,,III,7,Yes,305,89790,AAC validated by Flight Standardization Board (FSB) report.,,266
GLF2,GLF2,GULFSTREAM AEROSPACE,Gulfstream II,Gulfstream G-1159 Gulfstream II,Jet,2,C,,,II,2A,139,,,20.97024,,24.35352,7.46760,10.9728,10.9728,5.24256,28122.72694000,26535.15364500,D,Medium,621.911530368,Fixed-wing,Large,G,E,D,D,,III,8,Yes,29,430,AAC validated by Flight Standardization Board (FSB) report.,45571,267
GLF3,GLF3,GULFSTREAM AEROSPACE,Gulfstream III,Gulfstream III,Jet,2,C,,,II,2A,140,,,23.71344,,25.32888,7.43712,11.39952,11.39952,5.27304,31615.38818900,26535.15364500,D,Medium,718.753659264,Fixed-wing,Large,G,E,D,D,,III,8,Yes,74,3138,,45571,268
GLF4,GLF4,GULFSTREAM AEROSPACE,Gulfstream IV/G400,Gulfstream IV,Jet,2,D,C,D,II,2A,144,,,23.71344,,26.91384,7.43712,11.61288,11.61288,4.90728,33202.96148400,29937.09642000,D,Medium,761.572670400,Fixed-wing,Large,G,E,D,D,,III,8,Yes,11,168530,AAC validated by Flight Standardization Board (FSB) report.,45571,269
GLF5,GLF5,GULFSTREAM AEROSPACE,Gulfstream V,Gulfstream G550,Jet,2,C,,,III,2B,136,,,,28.49880,29.38272,7.89432,13.7160,13.35024,5.15112,41050.10948500,34155.50546100,D,Medium,975.20321088,Fixed-wing,Large,F,D,D,C,,III,8,Yes,154,129946,AAC validated by Flight Standardization Board (FSB) report. Corrected wheelbase using a Gulfstream GV Operating Manual.,45517,270
GLF6,GLF6,GULFSTREAM AEROSPACE,Gulfstream G650,Gulfstream G650,Jet,2,C,,,III,2B,137,,,,30.38856,30.41904,7.86384,13.7160,12.98448,5.33400,45177.80005200,37874.96289500,D,Medium,1066.424705856,Fixed-wing,Large,F,D,D,C,,III,8,Yes,48,74382,AAC validated by Flight Standardization Board (FSB) report. Registration count does not include G650ER (288 G650ERs in US registry).,45517,271
H25A,H25A,HAWKER SIDDELEY,HS 125-1/2/3/400/600,Hawker Siddeley HS.125-3B,Jet,2,C,,,I,1A,125,,,14.3256,,15.39240,5.02920,5.60832,5.60832,3.26136,11339.80925000,9999.89738902,D,Medium,293.898767040,Fixed-wing,Small+,H,F,E,E,,III,6,Yes,9,770,AAC validated by Flight Standardization Board (FSB) report.,,272
H25B,H25B,BRITISH AEROSPACE - HAWKER SIDDELEY,BAe HS 125/700-800/Hawker 800,Hawker 800XP,Jet,2,C,,,II,1B,137,,,15.66672,,15.60576,5.51688,6.4008,6.4008,3.41376,12700.58636000,10591.38183950,D,Medium,320.301811008,Fixed-wing,Small+,H,F,E,E,,III,7,Yes,482,178740,AAC validated by Flight Standardization Board (FSB) report.,,273
H25C,H25C,BRITISH AEROSPACE RAYTHEON,BAe/Raytheon HS 125-1000,Hawker 1000,Jet,2,C,,,II,1B,132,,,15.66672,,16.42872,5.21208,6.91896,6.91896,3.6576,14106.72270700,11339.80925000,D,Medium,335.872360512,Fixed-wing,Small+,H,F,E,E,,III,7,Yes,12,5172,AAC validated by Flight Standardization Board (FSB) report.,,274
HA4T,HA4T,HAWKER,Hawker 4000,Hawker 4000,Jet,2,C,,,II,1B,128,,,18.83664,,21.09216,5.97408,8.01624,8.01624,3.3528,17916.89861500,15195.34439500,D,Medium,494.383527360,Fixed-wing,Small+,H,F,E,E,,III,,Yes,47,8022,AAC validated by Flight Standardization Board (FSB) report.,,275
HAWK,HAWK,BRITISH AEROSPACE,BAe T-45 Goshawk,British Aerospace T-45A Goshawk,Jet,1,C,,,I,1A,139,,,9.93648,,11.39952,3.99288,3.44424,3.44424,3.6576,5100.0020994846,4648.86820013,S,Medium,167.801470848,Fixed-wing,Small+,H,F,E,E,,III,,Yes,221,63750,,,276
HDJT,HDJT,HONDA,HONDA HA-420 HondaJet,Honda HA-420 HondaJet,Jet,2,B,,,I,2A,111,,,12.16152,,12.52728,4.02336,5.42544,5.42544,4.60248,4100.02143243,4471.96717583,S,Light,213.714153216,Fixed-wing,Small,I,F,F,F,,III,,Yes,184,59970,AAC validated by Flight Standardization Board (FSB) report.,,277
HUSK,HUSK,AVIAT,AVIAT Huskey,Aviat A-1 Husky,Piston,1,A,,,I,1A,60,,,10.82040,,6.88848,2.01168,5.09016,5.09016,1.88976,907.18474000,907.18474000,S,Light,116.667637632,Fixed-wing,Small,I,F,F,F,,I,1,Yes,898,304,,,278
IL76,IL76,ILYUSHIN,Ilyushin IL 76,Ilyushin Il-76TD,Jet,4,B,,,IV,3,119,,,50.50536,,46.60392,14.75232,14.78280,20.05584,8.2296,169998.25561334,152498.66197874,Q2,Heavy,2577.40903872,Fixed-wing,Heavy,D,C,G,G,,III,,No,0,22,,,279
J328,J328,FAIRCHILD DORNIER,Fairchild Dornier 328 Jet,Dornier 328 Jet,Jet,2,B,,,II,1B,115,,,20.97024,,21.24456,7.04088,7.65048,7.6200,4.54152,15659.82298188,14390.21793825,D,Medium,546.864454656,Fixed-wing,Small+,H,F,E,E,,III,6,Yes,46,11840,AAC validated by Flight Standardization Board (FSB) report.,,280
JS31,JS31,BRITISH AEROSPACE,BAe 3100 Jetstream 31,British Aerospace BAe-3100 Jetstream 31,Turboprop,2,B,,,II,2A,115,,,15.8496,,14.35608,5.33400,4.54152,4.54152,6.00456,6949.94229314,6599.76898350,S,Light/Medium,300.095399808,Fixed-wing,Small+,H,F,E,E,,III,5,Yes,10,1846,,,281
JS32,JS32,BRITISH AEROSPACE,BAe Jetstream super 31,British Aerospace Jetstream 31,Turboprop,2,B,,,II,2A,109,,,15.8496,,14.35608,5.33400,6.37032,6.37032,6.00456,6954.47821684,7080.12330333,S,Medium,300.095399808,Fixed-wing,Small+,H,F,E,E,,III,5,Yes,3,240,,,282
JS41,JS41,BRITISH AEROSPACE,BAe Jetstream 41,British Aerospace Jetstream 41,Turboprop,2,C,,,II,3,131,,,18.40992,,19.26336,5.73024,7.43712,7.43712,6.67512,10886.21688000,10115.10985100,D,Medium,446.055365952,Fixed-wing,Small+,H,F,E,E,,III,7,Yes,7,232,,,283
K35R,K35R,BOEING,Boeing KC-135 Stratotanker,Boeing KC-135R Stratotanker,Jet,4,C,,,IV,3,135,,,39.86784,,41.54424,12.71016,14.29512,16.88592,8.74776,146283.53932500,54082.27186747,2D,Heavy,1848.30598080,Fixed-wing,Heavy,C,C,C,B,,III,,Yes,4,41778,,,284
KODI,KODI,QUEST,Quest Kodiak,Quest Kodiak 100,Turboprop,1,A,,,I,1A,73,,,13.7160,,10.42416,4.66344,3.6576,3.6576,4.02336,3290.81264435,3290.81264435,S,Light,200.29895424,Fixed-wing,Small,I,F,F,F,,I,,Yes,170,2618,,,285
L29B,L29B,LOCKHEED,Lockheed Jetstar 2/731,Lockheed L-1329 Jetstar 2,Jet,4,B,,,I,1B,97,,,16.55064,,18.37944,6.18744,6.30936,8.04672,3.87096,20184.86046500,16329.32532000,D,Medium,390.081284352,Fixed-wing,Large,G,E,D,D,,III,9,Yes,7,0,,,286
L5,L5,STINSON,Stinson L5 Sentinel,Stinson L-5 Sentinel,Piston,1,A,,,I,1A,58,,,10.3632,,7.34568,2.40792,4.38912,4.38912,2.46888,929.86435850,,S,Light,118.953052416,Fixed-wing,Small,I,F,F,F,,I,,Yes,122,0,,,287
L8,L8,LUSCOMBE,Luscombe 8,Luscombe 8 Silvaire,Piston,1,A,,,I,1A,46,,,10.6680,,6.0960,1.92024,4.5720,4.5720,2.19456,635.02931800,635.02931800,S,Light,104.51592000,Fixed-wing,Small,I,F,F,F,,I,3,Yes,1670,32,,,288
LA4,LA4,LAKE,Lake LA-4,Lake LA-4,Piston,1,A,,,I,1A,51,,,11.5824,,7.58952,2.83464,2.7432,2.7432,4.51104,1220.16347530,1220.16347530,S,Light,133.427346048,Amphibian,Small,I,F,F,F,,I,2,Yes,139,186,,,289
LJ23,LJ23,LEARJET,Bombardier Learjet 23,Learjet 23,Jet,2,C,,,I,1A,128,,,10.85088,,13.19784,3.84048,4.78536,4.78536,3.13944,5669.90462500,5388.67735560,D,Light,204.312365568,Fixed-wing,Small,I,F,F,F,,III,8,Yes,7,16,,,290
LJ24,LJ24,LEARJET,Bombardier Learjet 24,Learjet 24,Jet,2,C,,,I,1A,128,,,10.85088,,13.19784,3.74904,5.1816,5.15112,2.92608,5896.70081000,5388.67735560,D,Light,204.330946176,Fixed-wing,Small+,I,F,F,F,,III,7,Yes,37,126,,,291
LJ25,LJ25,LEARJET,Bombardier Learjet 25,Learjet 25D,Jet,2,C,,,I,1A,137,,,10.85088,,14.50848,3.74904,5.1816,5.15112,2.92608,6803.88555000,5669.45103263,D,Light,222.679296576,Fixed-wing,Small+,I,F,F,F,,III,9,Yes,43,540,,,292
LJ31,LJ31,LEARJET,Bombardier Learjet 31,Learjet 31,Jet,2,B,,,I,1A,120,,,13.35024,,14.84376,3.74904,6.00456,6.00456,2.92608,7030.68173500,6939.96326100,D,Medium,268.406172864,Fixed-wing,Small+,H,F,E,E,,III,7,Yes,133,27194,,,293
LJ35,LJ35,LEARJET,Bombardier Learjet 35/36,Learjet 35,Jet,2,C,,,I,1B,128,,,12.03960,,14.84376,3.74904,7.6200,6.0960,3.3528,8300.74037100,6486.37089100,D,Medium,246.815506368,Fixed-wing,Small+,H,F,E,E,,III,9,Yes,283,62516,,,294
LJ40,LJ40,LEARJET,Learjet 40,Learjet 40,Jet,2,C,,,I,1B,123,,,14.56944,,16.94688,4.29768,7.6200,7.6200,3.3528,9525.43977000,8708.97350400,D,Medium,325.086317568,Fixed-wing,Small+,H,F,E,E,,III,6,Yes,81,26318,AAC validated by Flight Standardization Board (FSB) report.,,295
LJ45,LJ45,LEARJET,Bombardier Learjet 45,Learjet 45,Jet,2,C,,,I,1B,123,,,14.56944,,17.6784,4.29768,7.6200,7.6200,3.3528,9752.23595500,8708.97350400,D,Medium,338.492226240,Fixed-wing,Small+,H,F,E,E,,III,6,Yes,398,107878,AAC validated by Flight Standardization Board (FSB) report.,,296
LJ55,LJ55,LEARJET,Bombardier Learjet 55,Learjet 55,Jet,2,C,,,I,1B,125,,,13.35024,,16.79448,4.48056,7.6200,7.6200,3.3528,8845.05121500,7711.07029000,D,Medium,300.494882880,Fixed-wing,Small+,H,F,E,E,,III,8,Yes,87,9044,,,297
LJ60,LJ60,LEARJET,Bombardier Learjet 60,Learjet 60XR,Jet,2,C,,,I,1B,125,,,13.35024,,17.89176,4.48056,7.6200,7.6200,3.3528,10319.22641750,8845.05121500,D,Medium,317.923493184,Fixed-wing,Small+,H,F,E,E,,III,8,Yes,275,86246,AAC validated by Flight Standardization Board (FSB) report.,,298
LJ70,LJ70,LEARJET,Learjet 70,Learjet 70,Jet,2,C,,,II,1B,125,,,15.51432,,17.0688,4.2672,7.6200,7.6200,3.3528,9752.23595500,8708.97350400,D,Medium,345.236986944,Fixed-wing,Small+,H,F,E,E,,III,6,Yes,11,6824,AAC validated by Flight Standardization Board (FSB) report.,,299
LJ75,LJ75,LEARJET,Learjet 75,Learjet 75,Jet,2,C,,,II,1B,125,,,15.51432,,17.6784,4.2672,7.6200,7.6200,3.3528,9752.23595500,8708.97350400,D,Medium,356.543286912,Fixed-wing,Small+,H,F,E,E,,III,6,Yes,66,47218,AAC validated by Flight Standardization Board (FSB) report.,,300
LNC4,LNC4,LANCAIR,Lancair IV,Lancair IV-P,Piston,1,A,,,I,1A,81,,,9.93648,,7.6200,2.4384,2.01168,2.01168,2.37744,1451.49558400,1360.77711000,S,Light,118.73008512,Fixed-wing,Small,I,F,F,F,,I,,Yes,62,2694,,,301
LNP4,LNP4,LANCAIR,Lancair PropJet IV,Lancair IV PropJet,Turboprop,1,A,,,I,1A,81,,,9.93648,,7.6200,2.4384,1.92024,1.92024,2.31648,1723.65100600,,S,Light,118.73008512,Fixed-wing,Small,I,F,F,F,,I,,Yes,191,1372,,,302
M20P,M20P,MOONEY,Mooney M-20C Ranger,Mooney M20R Ovation 2 GX,Piston,1,A,,,I,1A,77,,,11.00328,,8.16864,2.52984,2.01168,2.01168,2.80416,1530.42065638,1451.49558400,S,Light,135.982179648,Fixed-wing,Small,I,F,F,F,,I,4,Yes,1254,50392,,,303
M20T,M20T,MOONEY,Mooney M20K Encore/M20M Bravo,Mooney M20TN Acclaim Type S,Piston,1,A,,,I,1A,77,,,11.00328,,8.16864,2.52984,2.01168,2.01168,2.80416,1527.69910216,1451.49558400,S,Light,136.140114816,Fixed-wing,Small,I,F,F,F,,I,6,Yes,1025,18600,,,304
M5,M5,MAULE,Maule M-5,Maule M-5,Piston,1,A,,,I,1A,43,,,9.38784,,7.16280,1.92024,4.32816,4.32816,2.25552,1043.26245100,1043.26245100,S,Light,108.027654912,Fixed-wing,Small,I,F,F,F,,I,1,Yes,357,108,,,305
MD11,MD11,BOEING-MCDONNELL DOUGLAS,Boeing (Douglas) MD 11,McDonnell Douglas MD-11,Jet,3,D,,,IV,6,158,,,51.96840,,61.63056,17.92224,24.62784,30.99816,12.58824,273289.40292500,195044.71910000,2D/D1,Heavy,3474.034858368,Fixed-wing,Heavy,C,C,C,B,,III,9,Yes,132,97376,AAC validated by Flight Standardization Board (FSB) report.,,306
MD81,MD81,BOEING-MCDONNELL DOUGLAS,Boeing (Douglas) MD 81,McDonnell Douglas MD-81,Jet,2,C,,,III,4,134,,,32.88792,,45.04944,9.20496,22.06752,22.06752,6.21792,63502.93180000,58059.82336000,D,Medium,1673.27665344,Fixed-wing,Large,F,D,D,C,,III,7,Yes,1,320,,,307
MD82,MD82,BOEING-MCDONNELL DOUGLAS,Boeing (Douglas) MD 82,McDonnell Douglas MD-82,Jet,2,C,,,III,4,135,,,32.88792,,45.04944,9.20496,22.06752,22.06752,6.21792,67812.05931500,58967.00810000,D,Medium,1673.27665344,Fixed-wing,Large,F,D,D,C,,III,7,Yes,33,3868,,,308
MD83,MD83,BOEING-MCDONNELL DOUGLAS,Boeing (Douglas) MD 83,McDonnell Douglas MD-83,Jet,2,D,,,III,4,144,,,32.88792,,45.04944,9.20496,22.06752,22.06752,6.21792,72574.77920000,63276.13561500,D,Medium,1673.27665344,Fixed-wing,Large,F,D,D,C,,III,8,Yes,89,15104,,,309
MD87,MD87,BOEING-MCDONNELL DOUGLAS,Boeing (Douglas) MD 87,McDonnell Douglas MD-87,Jet,2,C,,,III,3,134,,,32.88792,,39.74592,9.50976,19.17192,19.17192,6.21792,67812.05931500,58967.00810000,D,Medium,1482.658195968,Fixed-wing,Large,F,D,D,C,,III,7,Yes,13,228,AAC validated by Flight Standardization Board (FSB) report.,,310
MD88,MD88,BOEING-MCDONNELL DOUGLAS,Boeing (Douglas) MD 88,McDonnell Douglas MD-88,Jet,2,C,,,III,4,130,,,32.88792,,45.04944,9.20496,22.06752,22.06752,6.21792,67812.05931500,58967.00810000,D,Medium,1673.27665344,Fixed-wing,Large,F,D,D,C,,III,8,Yes,72,5094,AAC validated by Flight Standardization Board (FSB) report.,,311
MD90,MD90,BOEING-MCDONNELL DOUGLAS,Boeing (Douglas) MD 90,McDonnell Douglas MD-90,Jet,2,D,C,D,III,4,141,138,141,32.88792,,46.51248,9.50976,23.53056,23.53056,6.21792,70760.40972000,62142.15469000,D,Medium,1725.283775232,Fixed-wing,Large,F,D,D,C,,III,8,Yes,38,0,"If flaps configuration is set for 28 degrees (not full flaps) and MALW is more than 137,000 lbs, AAC is D. AAC validated by Flight Standardization Board (FSB) report.",,312
MU2,MU2,MITSUBISHI,Mitsubishi Marquise/Solitaire,Mitsubishi MU-2B-60,Turboprop,2,B,,,I,1A,105,,,11.94816,,12.00912,4.17576,5.4864,4.2672,2.1336,5249.87809038,5000.85587925,S,Light,202.909529664,Fixed-wing,Small,I,F,F,F,,II,6,Yes,87,14708,AAC validated by Flight Standardization Board (FSB) report.,,313
MU30,MU30,MITSUBISHI,Mitsubishi Diamond/MU300 Diamond,Mitsubishi MU-300 Diamond,Jet,2,B,,,I,1A,118,,,13.25880,,14.75232,4.23672,5.94360,5.94360,3.50520,6636.05637310,5987.41928400,S,Medium,265.414694976,Fixed-wing,Small+,H,F,E,E,,III,7,Yes,29,496,AAC validated by Flight Standardization Board (FSB) report.,,314
NAVI,NAVI,NORTH AMERICAN-RYAN,North American Navion,Ryan Navion,Piston,1,A,,,I,1A,56,,,10.18032,,8.38200,2.65176,1.79832,1.79832,2.86512,1292.73825450,1292.73825450,S,Light,131.104770048,Fixed-wing,Small,I,F,F,F,,I,2,Yes,872,1720,,,315
P180,P180,PIAGGIO,Piaggio P-180 Avanti,Piaggio P.180 Avanti II,Turboprop,2,C,,,I,2A,121,,,14.0208,,14.41704,3.99288,2.83464,5.7912,5.7912,5465.78805850,5216.31225500,S,Light,272.140875072,Fixed-wing,Small,I,F,F,F,,II,1,Yes,99,15648,,,316
P210,P210,RILEY-CESSNA,Riley Super P210,Cessna P210 Pressurized,Piston,1,A,,,I,1A,75,,,11.82624,,8.59536,2.95656,1.85928,1.85928,2.83464,1814.36948000,1723.65100600,S,Light,150.521505408,Fixed-wing,Small,I,F,F,F,,I,2,Yes,458,4876,,,317
P28A,P28A,PIPER,Piper Cherokee,Piper PA-28-161,Piston,1,A,,,I,1A,70,,,10.6680,,7.25424,2.22504,1.88976,1.88976,3.20040,1106.76538280,966.15174810,S,Light,120.365178624,Fixed-wing,Small,I,F,F,F,,I,1,Yes,10740,308338,,,318
P28B,P28B,PIPER,Piper Turbo Dakota,Piper PA-28-236 Dakota,Piston,1,A,,,I,1A,62,,,10.6680,,7.52856,2.19456,1.98120,1.98120,3.20040,1360.77711000,1360.77711000,S,Light,124.294977216,Fixed-wing,Small,I,F,F,F,,I,3,Yes,62,10300,,,319
P28R,P28R,PIPER,Cherokee Arrow,Piper PA-28R-201,Piston,1,A,,,I,1A,73,,,10.78992,,7.52856,2.40792,2.40792,2.40792,3.3528,1251.00775646,1315.41787300,S,Light,125.14039488,Fixed-wing,Small,I,F,F,F,,I,3,Yes,2499,27060,,,320
P28T,P28T,PIPER,Piper 28T Arrow 4,Piper PA-28RT-201,Piston,1,A,,,I,1A,73,,,10.78992,,7.52856,2.40792,2.40792,2.37744,3.3528,1247.37901750,1247.37901750,S,Light,125.196136704,Fixed-wing,Small,I,F,F,F,,I,2,Yes,439,2288,,,321
P3,P3,LOCKHEED,Lockheed P-3 Orion,Lockheed P-3 Orion,Turboprop,4,C,,,III,5,134,,,30.38856,,35.3568,10.27176,8.90016,9.87552,10.3632,61234.96995000,47119.17539560,D,Medium,1233.167082048,Fixed-wing,Large,F,D,D,C,,III,,Yes,100,3454,,,322
P32R,P32R,PIPER,Piper PA-32R Lance/ Saratoga SP,Piper PA-32R-301T Turbo Sarato,Piston,1,A,,,I,1A,80,,,11.03376,,8.44296,2.56032,2.40792,2.28600,3.38328,1632.93253200,1632.93253200,S,Light,140.348622528,Fixed-wing,Small,I,F,F,F,,I,3,Yes,983,26432,,,323
P32T,P32T,PIPER,Piper 32T Turbo Lance 2,Piper PA-32RT-300T Turbo Lance,Piston,1,A,,,I,1A,80,,,11.03376,,8.44296,2.40792,2.1336,2.1336,3.3528,1632.93253200,1632.93253200,S,Light,140.348622528,Fixed-wing,Small,I,F,F,F,,I,,Yes,208,3930,,,324
P46T,P46T,PIPER,Piper Malibu Meridian,Piper PA-46-500TP,Turboprop,1,A,,,I,1A,75,,,13.1064,,9.02208,3.44424,2.4384,2.4384,3.74904,2309.69234804,2199.92299450,S,Light,170.365594752,Fixed-wing,Small,I,F,F,F,,I,4,Yes,437,62484,,,325
P51,P51,NORTH AMERICAN,North American Mustang,North American P-51 Mustang,Piston,1,B,,,I,1A,113,,,11.2776,,9.84504,4.08432,4.96824,4.96824,3.74904,5488.46767700,5488.46767700,S,Light,162.868319424,Fixed-wing,Small,I,F,F,F,,I,,Yes,150,144,,,326
P68,P68,VULCAN- PARTEVANIA,Vulcan Air P68,Partenavia P-68 Observer,Piston,2,A,,,I,1A,73,,,12.00912,,9.54024,3.41376,3.6576,3.6576,3.74904,1989.90972719,1890.11940579,S,Light,166.593731328,Fixed-wing,Small,I,F,F,F,,II,3,Yes,3,2094,,,327
P750,P750,PACIFIC AEROSPACE,Pacific Aerospace P-750 Xstol,PAC 750XL,Turboprop,1,A,,,I,1A,72,,,12.8016,,11.82624,4.05384,3.10896,3.10896,3.9624,3401.94277500,3231.84563625,S,Light,211.595963904,Fixed-wing,Small,I,F,F,F,,I,,Yes,23,34,,,328
P8,P8,BOEING,Boeing P-8 Poseidon,Boeing P-8 Poseidon,Jet,2,E,,,III,3,180,,,37.67328,,39.47160,12.83208,16.03248,17.19072,6.73608,85819.67640400,,D,Medium,1669.393306368,Fixed-wing,Large,F,D,D,C,,III,,Yes,112,26158,,,329
PA11,PA11,PIPER,Piper PA-11 Cub Special,Piper PA-11 Cub Special,Piston,1,A,,,I,1B,46,,,10.82040,,7.28472,2.04216,6.94944,6.94944,2.07264,553.38269140,553.38269140,S,Light,122.16749760,Fixed-wing,Small,I,F,F,F,,I,1,Yes,431,76,,,330
PA12,PA12,PIPER,Piper 12 Supercruiser,Piper PA-12 Super Cruiser,Piston,1,A,,,I,1A,56,,,10.82040,,6.94944,2.07264,4.93776,4.93776,2.1336,793.78664750,793.78664750,S,Light,117.513055296,Fixed-wing,Small,I,F,F,F,,I,1,Yes,1234,12,,,331
PA16,PA16,PIPER,Piper PA-16 Clipper,Piper PA-16 Clipper,Piston,1,A,,,I,1A,56,,,8.93064,,6.12648,1.88976,4.5720,4.5720,2.1336,748.42741050,748.42741050,S,Light,91.639558656,Fixed-wing,Small,I,F,F,F,,I,1,Yes,271,0,,,332
PA18,PA18,PIPER,Piper 18 Super Cub,Piper PA-18 Super Cub,Piston,1,A,,,I,1A,48,,,10.75944,,6.85800,2.04216,5.09016,5.24256,1.8288,793.78664750,793.78664750,S,Light,115.710736320,Fixed-wing,Small,I,F,F,F,,I,1,Yes,2894,80,,,333
PA20,PA20,PIPER,Piper PA-20 Pacer,Piper PA-20 Pacer,Piston,1,A,,,I,1A,55,,,8.93064,,6.24840,2.49936,4.35864,4.35864,2.04216,884.50512150,884.50512150,S,Light,93.107426688,Fixed-wing,Small,I,F,F,F,,I,1,Yes,330,74,,,334
PA22,PA22,PIPER,Piper 22 Tri-Pacer,Piper PA-22 Tri-Pacer,Piston,1,A,,,I,1A,56,,,8.93064,,6.24840,2.52984,1.76784,1.76784,2.40792,907.18474000,907.18474000,S,Light,93.107426688,Fixed-wing,Small,I,F,F,F,,I,2,Yes,1210,226,,,335
PA23,PA23,PIPER,Piper PA-23-150/160 Apache,Piper PA-23-160 Apache,Piston,2,A,,,I,1A,85,,,11.33856,,8.41248,3.13944,2.28600,2.28600,3.77952,2177.24337600,2177.24337600,S,Light,142.949907648,Fixed-wing,Small,I,F,F,F,,II,2,Yes,247,2002,,,336
PA24,PA24,PIPER,Piper PA-24 Comanche,Piper PA-24 Comanche,Piston,1,A,,,I,1A,75,,,10.9728,,7.55904,2.28600,2.01168,2.01168,3.10896,1315.41787300,1315.41787300,S,Light,127.305035712,Fixed-wing,Small,I,F,F,F,,I,4,Yes,2417,14598,,,337
PA25,PA25,PIPER,Piper PA-25 Pawnee,Piper PA-25 Pawnee,Piston,1,A,,,I,1A,69,,,11.03376,,7.55904,2.19456,5.30352,5.30352,2.25552,1315.41787300,1315.41787300,S,Light,127.908905472,Fixed-wing,Small,I,F,F,F,,I,1,Yes,468,2,,,338
PA27,PA27,PIPER,Piper Aztec,Piper PA-23-250 Aztec D,Piston,2,B,,,I,1A,91,,,11.33856,,9.50976,3.10896,0.97536,0.97536,3.9624,2358.68032400,2240.74630780,S,Light,158.734134144,Fixed-wing,Small,I,F,F,F,,II,3,Yes,955,8480,,,339
PA30,PA30,PIPER,Piper PA-30 Turbo Twin Comanche/Turbo Twin Comanche,Piper PA-30 Turbo Twin Comanch,Piston,2,A,,,I,1A,76,,,11.21664,,7.68096,2.52984,2.22504,2.22504,3.0480,1632.93253200,1632.93253200,S,Light,131.309156736,Fixed-wing,Small,I,F,F,F,,II,1,Yes,80,9590,,,340
PA31,PA31,PIPER,Piper Navajo PA-31,Piper PA-31 Navajo C,Piston,2,B,,,I,1A,95,,,12.40536,,9.93648,3.9624,3.23088,3.26136,4.20624,2948.35040500,2948.35040500,S,Light,177.138226368,Fixed-wing,Small,I,F,F,F,,II,2,Yes,360,38848,,,341
PA32,PA32,PIPER,Piper Cherokee Six,Piper PA-32-301T Turbo Saratog,Piston,1,A,,,I,1A,78,,,11.03376,,8.41248,2.59080,2.4384,2.19456,3.38328,1632.93253200,1632.93253200,S,Light,139.744752768,Fixed-wing,Small,I,F,F,F,,I,3,Yes,1666,43988,,,342
PA34,PA34,PIPER,Piper PA-34 Seneca,Piper PA-34-220T,Piston,2,A,,,I,1A,81,,,11.85672,,8.71728,3.01752,2.1336,2.1336,3.38328,2154.56375750,2047.06236581,S,Light,152.779049280,Fixed-wing,Small,I,F,F,F,,II,7,Yes,1010,18714,,,343
PA36,PA36,PIPER,Piper PA-36 Pawnee Brave,Piper PA-36 Pawnee Brave,Piston,1,A,,,I,1A,54,,,11.82624,,8.38200,2.28600,6.0960,2.1336,2.68224,2177.24337600,,S,Light,147.34422144,Fixed-wing,Small,I,F,F,F,,I,2,Yes,82,8,,,344
PA38,PA38,PIPER,Piper Tomahawk PA38,Piper PA-38 Tomahawk,Piston,1,A,,,I,1A,60,,,10.3632,,7.04088,2.80416,1.58496,2.1336,3.62712,757.49925790,757.49925790,S,Light,114.865318656,Fixed-wing,Small,I,F,F,F,,I,3,Yes,450,478,,,345
PA44,PA44,PIPER,Piper Seminole,Piper PA-44-180 Seminole,Piston,2,A,,,I,1A,66,,,11.76528,,8.41248,2.59080,2.56032,2.56032,3.20040,1723.65100600,1723.65100600,S,Light,147.204866880,Fixed-wing,Small,I,F,F,F,,II,2,Yes,499,33254,,,346
PA46,PA46,PIPER,Piper Malibu,Piper PA-46-350P,Piston,1,A,,,I,1A,75,,,13.1064,,8.80872,3.44424,2.4384,2.4384,3.74904,1968.59088580,1769.01024300,S,Light,166.900311360,Fixed-wing,Small,I,F,F,F,,I,4,Yes,222,54814,,,347
PAT4,PAT4,PIPER,Piper PA-31T3-500 T-1040,Piper PA-31T-3T-1040,Turboprop,2,B,,,I,1A,100,,,13.01496,,10.57656,3.90144,3.26136,3.26136,4.35864,4082.33133000,4082.33133000,S,Light,194.185934208,Fixed-wing,Small,I,F,F,F,,II,,Yes,2,3424,,,348
PAY1,PAY1,PIPER,Piper Cheyenne 1,Piper PA-31T1 Cheyenne IA,Piston,2,B,,,I,2A,92,,,13.01496,,10.57656,3.90144,2.86512,2.86512,4.72440,3946.25361900,3946.25361900,S,Light,194.158063296,Fixed-wing,Small,I,F,F,F,,II,5,Yes,95,6918,,,349
PAY2,PAY2,PIPER,Piper Cheyenne 2,Piper PA-31T2 Cheyenne 2XL,Piston,2,B,,,I,2A,100,,,13.01496,,10.57656,3.90144,2.86512,2.86512,4.72440,4297.33411338,4082.33133000,S,Light,194.158063296,Fixed-wing,Small,I,F,F,F,,II,2,Yes,111,9912,,,350
PAY3,PAY3,PIPER,Piper PA-42-720 Cheyenne 3,Piper PA-42 Cheyenne III,Turboprop,2,B,,,I,2A,113,,,14.53896,,13.22832,4.51104,3.23088,3.23088,5.73024,5080.23454400,4685.60918210,S,Light,259.301674944,Fixed-wing,Small,I,F,F,F,,II,8,Yes,20,1874,,,351
PAY4,PAY4,PIPER,Piper Cheyenne 400,Piper PA-42-1000 Cheyenne 400,Turboprop,2,B,,,I,2A,109,,,14.53896,,13.22832,5.1816,3.23088,3.23088,5.73024,5465.78805850,5034.87530700,S,Light,259.301674944,Fixed-wing,Small,I,F,F,F,,II,4,Yes,25,1538,,,352
PC12,PC12,PILATUS,Pilatus PC-12,Pilatus PC-12/45,Turboprop,1,A,,,II,2A,85,,,,16.24584,14.41704,4.2672,3.10896,2.1336,4.63296,4740.04026650,4500.08990277,S,Light,307.434739968,Fixed-wing,Small,I,F,F,F,,I,4,Yes,1151,659934,Corrected CMG based on Pilatus PC12-NGX brochure.,45491,353
PC24,PC24,PILATUS,Pilatus PC-24,Pilatus PC-24,Jet,2,B,,,II,2A,107,,,17.00784,,16.85544,5.39496,7.74192,7.74192,4.90728,8300.74037100,7665.71105300,D,Medium,368.611391808,Fixed-wing,Small+,H,F,E,E,,III,,Yes,69,47482,AAC validated by Flight Standardization Board (FSB) report.,,354
PRM1,PRM1,RAYTHEON- HAWKER BEECHCRAFT,Raytheon Premier 1/390 Premier 1,Hawker Beechcraft Premier IA,Jet,2,B,,,I,1A,120,,,13.56360,,14.0208,4.66344,5.36448,5.36448,2.80416,5669.90462500,5261.67149200,S,Light,258.223999680,Fixed-wing,Small+,I,F,F,F,,III,7,Yes,199,44484,AAC validated by Flight Standardization Board (FSB) report.,,355
R721,R721,BOEING,Boeing 727-100RE Super 27,Boeing 727-100,Jet,3,C,,,III,3,126,,,32.9184,,40.59936,10.45464,15.39240,18.34896,8.2296,76657.11053000,64636.91272500,D,Medium,1515.025615104,Fixed-wing,Large,F,D,D,C,,III,,Yes,1,18,,,356
R722,R722,BOEING,Boeing 727-200RE Super 27,Boeing 727-200RE Super 27,Jet,3,C,,,III,4,136,,,32.9184,,46.69536,10.63752,18.53184,21.39696,8.2296,89357.69689000,70080.02116500,D,Medium,1734.276789504,Fixed-wing,Large,F,D,D,C,,III,,Yes,41,4,,,357
RJ1H,RJ1H,AVRO,Avro RJ-100 Avroliner,Avro RJ100,Jet,4,C,,,III,2A,123,,,26.33472,,30.99816,8.59536,11.21664,11.21664,5.7912,46039.62555500,40142.92474500,D,Medium,955.517056704,Fixed-wing,Large,G,E,D,D,,III,7,Yes,1,896,,,358
RJ85,RJ85,AVRO,Avro RJ-85 Avroliner,Avro RJ85,Jet,4,C,,,III,2A,122,,,26.33472,,28.55976,8.62584,11.21664,11.21664,5.7912,43998.45989000,38555.35145000,D,Medium,883.860941952,Fixed-wing,Large,G,E,D,D,,III,7,Yes,15,514,,,359
RV12,RV12,VAN'S,Van's RV-12,Van's RV-12,Piston,1,A,,,I,1A,53,,,8.16864,,6.06552,2.52984,1.64592,1.64592,2.10312,598.74192840,598.74192840,S,Light,85.080604032,Fixed-wing,Small,I,F,F,F,,I,1,Yes,648,518,,,360
S108,S108,STINSON,Stinson 108 Voyager,Stinson 108 Voyager,Piston,1,A,,,I,1A,70,,,10.33272,,7.46760,9.1440,5.69976,5.69976,2.37744,1088.62168800,1088.62168800,S,Light,120.318727104,Fixed-wing,Small,I,F,F,F,,I,2,Yes,1412,28,,,361
S22T,S22T,CIRRUS,Cirrus SR-22 Turbo,Cirrus SR22T,Piston,1,A,,,I,1A,77,,,11.67384,,7.9248,2.71272,2.77368,1.98120,3.77952,1632.93253200,1632.93253200,S,Light,139.103721792,Fixed-wing,Small,I,F,F,F,,I,,Yes,1561,134736,,,362
SB20,SB20,SAAB,Saab 2000,Saab 2000,Turboprop,1,C,,,III,3,122,,,24.78024,,27.27960,7.71144,11.33856,11.33856,8.93064,22999.85471322,21999.68353737,D,Medium,801.112204224,Fixed-wing,Small,I,F,F,F,,I,,Yes,11,10746,AAC validated by Flight Standardization Board (FSB) report.,,363
SBR1,SBR1,NORTH AMERICAN ROCKWELL,North American Rockwell Sabre 40/60,Rockwell CT-39G Sabreliner,Jet,2,C,,,I,1A,126,,,13.62456,,14.29512,4.8768,4.23672,4.23672,2.31648,9149.86528764,7937.86647500,S,Medium,263.742440256,Fixed-wing,Small+,H,F,E,E,,III,,Yes,15,2852,,,364
SBR2,SBR2,NORTH AMERICAN ROCKWELL,North American Rockwell Sabre 75,Rockwell Sabre 75/80,Jet,2,C,,,I,1A,128,,,13.62456,,14.29512,4.8768,4.32816,4.29768,2.40792,10429.90295578,,S,Medium,263.742440256,Fixed-wing,Small+,H,F,E,E,,III,,Yes,2,2,,,365
SC7,SC7,SHORT,Short Skyvan SC7,Short SC-7 Skyvan,Turboprop,2,B,,,II,1A,91,,,19.78152,,12.58824,4.60248,4.51104,4.51104,4.32816,5669.90462500,5669.90462500,S,Light,322.178452416,Fixed-wing,Small+,I,F,F,F,,III,2,Yes,32,68,,,366
SF34,SF34,SAAB,Saab SF 340,Saab SF 340B,Turboprop,2,C,,,II,3,124,,,22.73808,,19.72056,6.97992,7.13232,6.97992,7.25424,12700.58636000,12337.71246400,D,Medium,547.812065664,Fixed-wing,Large,G,E,D,D,,III,5,Yes,73,20926,AAC validated by Flight Standardization Board (FSB) report.,,367
SF50,SF50,CIRRUS,Cirrus Vision SF50,Cirrus SF50 Vision,Jet,1,A,,,I,1A,87,,,11.79576,,9.35736,3.32232,3.32232,3.32232,3.87096,2721.55422000,,S,Light,161.270387136,Fixed-wing,Small,I,F,F,F,,III,,Yes,317,97442,AAC validated by Flight Standardization Board (FSB) report.,,368
SH33,SH33,SHORT,Shorts 330,Short 330,Turboprop,2,B,,,II,2A,96,,,22.76856,,17.6784,4.99872,6.21792,6.21792,4.99872,10387.26527300,10249.82678489,S,Medium,495.739911744,Fixed-wing,Small+,H,F,E,E,,III,6,Yes,16,212,,,369
SH36,SH36,SHORT,Shorts 360,Short SD3-60,Turboprop,2,B,,,II,2A,104,,,22.79904,,21.57984,7.04088,7.0104,7.0104,4.99872,12300.06429729,12019.74421263,S,Medium,597.162160512,Fixed-wing,Small+,H,F,E,E,,III,6,Yes,63,35188,,,370
SR20,SR20,CIRRUS,Cirrus SR-20,Cirrus SR20,Piston,1,A,,,I,1A,74,,,11.67384,,7.9248,2.80416,2.28600,2.25552,3.3528,964.33737862,1315.41787300,S,Light,139.196624832,Fixed-wing,Small,I,F,F,F,,I,1,Yes,1024,71144,,,371
SR22,SR22,CIRRUS,Cirrus SR 22,Cirrus SR22,Piston,1,A,,,I,1A,78,,,11.67384,,7.9248,2.71272,1.98120,1.98120,3.56616,1069.57080846,1542.21405800,S,Light,139.196624832,Fixed-wing,Small,I,F,F,F,,I,1,Yes,3552,208536,,,372
SU95,SU95,SUKHOI,SUKHOI Superjet 100-95,SUKHOI RRJ-95B Superjet 100,Jet,2,C,,,III,3,140,,,27.79776,,29.93136,10.27176,11.61288,12.22248,6.76656,45879.96104076,41000.21432430,2D,Medium,970.260769152,Fixed-wing,Large,F,D,D,C,,III,,No,0,0,,,373
SW3,SW3,FAIRCHILD SWEARINGEN,Fairchild Swearingen SA-226T/TB Merlin 3,Swearingen Merlin 3,Turboprop,2,B,,,II,2A,105,,,14.11224,,12.86256,5.09016,3.50520,3.50520,4.99872,5669.90462500,5669.90462500,D,Light,246.880538496,Fixed-wing,Small+,I,F,F,F,,III,5,Yes,56,9836,,,374
SW4,SW4,FAIRCHILD SWEARINGEN,Swearingen SA-227AT Merlin 4,Swearingen SA227-AC Metro III,Turboprop,2,B,,,II,3,112,,,17.3736,,18.10512,5.09016,7.22376,7.22376,6.21792,7257.02432763,7110.06039975,D,Light/Medium,400.858036992,Fixed-wing,Small+,H,F,E,E,,III,5,Yes,28,62930,,,375
T210,T210,CESSNA,Cessna T210 Turbo Centurion,Cessna T210M,Piston,1,A,,,I,1A,73,,,11.82624,,8.59536,2.95656,1.8288,1.8288,2.7432,1723.65100600,1723.65100600,S,Light,150.521505408,Fixed-wing,Small,I,F,F,F,,I,2,Yes,715,8446,,,376
T28,T28,NORTH AMERICAN,North American T-28 Trojan,North American T-28 Trojan,Piston,1,A,,,I,1A,62,,,12.22248,,10.0584,3.87096,2.49936,2.49936,4.14528,3855.53514500,3542.10281733,S,Light,176.868807552,Fixed-wing,Small,I,F,F,F,,I,,Yes,212,44,,,377
T34P,T34P,BEECH,Beech T-34/45 Mentor,Beech T-34B Mentor,Turboprop,1,A,,,I,1A,69,,,10.14984,,8.74776,2.92608,2.34696,2.34696,3.53568,2494.75803500,2404.03956100,S,Light,135.666309312,Fixed-wing,Small,I,F,F,F,,I,1,Yes,444,636,,,378
T38,T38,NORTHROP,Northrop T-38 Talon,Northrop T-38 Talon,Jet,2,D,,,I,1A,160,,,7.71144,,14.11224,3.90144,5.69976,5.69976,3.41376,5485.29253041,,S,Light,168.238115136,Fixed-wing,Small,I,F,F,F,,III,,Yes,36,119968,,,379
T6,T6,NORTH AMERICAN,North American T-6 Texan,North American T-6 Texan,Piston,1,A,,,I,1B,56,,,12.8016,,8.8392,3.59664,6.97992,6.97992,2.80416,2547.82834229,2417.19373973,S,Light,164.25257472,Fixed-wing,Small,I,F,F,F,,I,2,Yes,417,744,,,380
TAYB,TAYB,TAYLORCRAFT,Taylorcraft BC,,Piston,1,A,,,I,1A,50,,,10.9728,,6.7056,2.07264,4.96824,4.96824,2.25552,680.38855500,680.38855500,S,Light,115.38557568,Fixed-wing,Small,I,F,F,F,,I,1,Yes,1358,0,,,381
TB20,TB20,SOCATA,Socata TB-20 Trinidad,Socata TB 20 Trinidad,Piston,1,A,,,I,1A,75,,,9.96696,,7.74192,2.86512,1.85928,1.85928,2.52984,1397.06449960,1397.06449960,S,Light,120.597436224,Fixed-wing,Small,I,F,F,F,,I,,Yes,194,2458,,,382
TBM7,TBM7,SOCATA,Socata TBM-700/700A,Socata TBM-700,Turboprop,1,A,,,I,1A,74,,,12.67968,,10.63752,4.35864,2.89560,2.89560,3.87096,3000.05993518,2834.95231250,S,Light,191.370972096,Fixed-wing,Small,I,F,F,F,,I,5,Yes,363,28536,,,383
TBM8,TBM8,SOCATA,Socata TBM-850,Socata TBM-850,Turboprop,1,A,,,I,1A,85,,,12.67968,,10.63752,4.35864,2.92608,2.71272,3.87096,3353.86198378,3186.03280688,S,Light,191.268778752,Fixed-wing,Small,I,F,F,F,,I,,Yes,330,40406,,,384
TBM9,TBM9,SOCATA,Socata TBM-900,Socata TBM-930,Turboprop,1,A,,,I,1A,85,,,12.83208,,10.72896,4.35864,2.92608,2.92608,3.87096,3353.86198378,3186.03280688,S,Light,194.576126976,Fixed-wing,Small,I,F,F,F,,I,,Yes,127,65438,,,385
TEX2,TEX2,RAYTHEON,Raytheon Texan 2,Raytheon T-6B,Turboprop,1,B,,,I,1A,103,,,10.18032,,10.11936,3.26136,2.34696,2.34696,2.95656,2948.35040500,3129.78735300,S,Light,154.023950016,Fixed-wing,Small,I,F,F,F,,I,,Yes,446,164868,,,386
TOBA,TOBA,SOCATA,Socata TB-10 Tobago,Socata TB-10 Tobago,Piston,1,A,,,I,1A,65,,,9.99744,,7.74192,3.01752,1.98120,1.98120,2.56032,1147.58869610,1147.58869610,S,Light,120.876145344,Fixed-wing,Small,I,F,F,F,,I,2,Yes,51,374,,,387
V22,V22,BELL-BOEING,Bell V-22 Osprey,Bell-Boeing V-22 Osprey,Turboshaft,2,,,,II,2A,,,,13.95984,,19.2024,6.73608,7.40664,7.40664,4.93776,27442.33838500,,D,Medium,352.697101056,Tiltrotor,Large,G,E,D,D,11.61288,II,,Yes,400,8850,,,388
WW24,WW24,IAI,IAI 1124 Westwind,IAI 1124 Westwind,Jet,2,C,,,I,1B,129,,,13.65504,,15.94104,4.81584,7.0104,7.0104,3.6576,10659.42069500,8618.25503000,S,Medium,291.71554560,Fixed-wing,Small+,H,F,E,E,,III,7,Yes,99,5526,,,389
